構造物名,エリア,北緯,東経,説明
小樽港北防波堤,北海道,43.2101865,141.0142532,廣井勇による小樽築港の要となった施設（コンクリートを用いた日本初の本格的な防波堤）
函館市元町配水場,北海道,41.761552,140.712937,近代水道として横浜に次いで古い配水池
笹流ダム,北海道,41.8350357,140.7731383,日本初のバットレスダムを有する水道施設
旭橋,北海道,43.7787879,142.3600151,完成後70年を越えた現在も市民に愛され、幹線交通を支えている北海道初のブレーストリブ・バランスト・タイドアーチ橋
石狩川 生振捷水路,北海道,43.2019815,141.3936066,北海道初の大規模治水事業として広大な石狩低地帯の氾濫を防ぎ、また湿地帯を耕作地となしえた捷水路
稚内港北防波堤ドーム,北海道,45.420225,141.680449,海陸の連絡を波飛沫から防護する類例のない設計であり、原形保存に徹した復元と補修で次代へと受け継がれるドーム型有覆防波堤
新内隧道（狩勝峠鉄道施設群）,北海道,43.1499302,142.7768158,根室本線の開通時に建造された鉄道施設遺構群。山裾に沿ったＳ字曲線の大型築堤，隧道，橋梁からなり，北海道の東西連絡と拓殖に寄与した。
船入澗防波堤,北海道,41.7727933,140.6999753,北海道港湾修築の嚆矢的構造物群で最初期の港湾コンクリート。廣井勇設計のコンクリートブロック基礎の船入澗防波堤やコンクリートブロック造乾ドック
第１号乾ドック,北海道,41.7761604,140.7046157,北海道港湾修築の嚆矢的構造物群で最初期の港湾コンクリート。廣井勇設計のコンクリートブロック基礎の船入澗防波堤やコンクリートブロック造乾ドック
十勝川千代田堰堤,北海道,42.9410601,143.3394721,国内有数の農業王国十勝の礎となり、十勝川治水開闢期の歴史を伝える大規模固定堰
雨竜発電所,北海道,44.3004091,142.1822932,北海道における電力供給の中核として計画され、当時国内最大級の大規模工事。同時にわが国初の地下式発電所であるなど画期的な発電所
宗谷線剣渕・士別間　鉄道防雪林,北海道,44.1291695,142.3743283,樹木の生育に適さない過湿泥炭地を、泥炭の分解を促進する土壌改良法を取り入れ、ドイツトウヒを植栽した防雪林
チキウ岬灯台,北海道,42.3021089,141.0012834,建設当初のまま供用され、地域的愛着が高く、かつ道内では光到達距離がもっとも遠い灯台である。
札幌本道赤松並木,北海道,41.876875,140.7058008,わが国最初の本格的な西洋式馬車道「札幌本道」完成の際に移植された赤松の並木道。日本近代道路史と北海道農業開拓史における歴史遺産。
張碓橋,北海道,43.1522738,141.108094,昭和初期の札樽国道開削の歴史を伝える唯一の土木遺産。北海道最初の鋼製プラット型バランスドアーチ橋。
網走港帽子岩ケーソンドック,北海道,44.0273461,144.284358,天然の岩盤を掘削したケーソン製作専用のドライドック。寒冷地海洋環境下のコンクリートケーソンによる築港技術を確立した。
王子製紙水力発電施設,北海道,42.7690966,141.4132354,北海道における水力電力開発黎明期を代表する現役稼働の水力発電施設群。新聞用紙等の国産供給力の質と量の飛躍的向上を支えた。
札幌市水道記念館（旧藻岩浄水場）,北海道,43.0329863,141.3287909,急速濾過、薬品沈殿、機械式調節等の近代設備を導入し、札幌の生活を支えた施設。現在は供用当時の様子を保存し、直接見学できる。
藻岩発電所取水堰,北海道,42.9654864,141.2692009,昭和11年から70年間にわたり、札幌市へ電力と水道原水の供給を行ない、札幌市民の生活を支えてきている重要な施設。
奥沢水源地水道施設,北海道,43.1550282,140.9791553,北海道開発を支えた港湾都市小樽で建設後90年を越える現役の水源。寒冷地での工事技術，階段状溢流路の水流が高く評価される
定山渓発電所施設,北海道,42.9528229,141.1482623,北海道における現役最古の水力発電所施設。運用開始以降、地域産業の発展に貢献した歴史的構造物。
聖台ダム,北海道,43.6119449,142.5237213,建設時国内で最大規模の水田灌漑貯水池。各種の試験や十分なグラウトを施すことで困難な工事を完成させ，修景にも配慮された施設
第三雨竜川橋梁,北海道,44.1106358,142.1402482,道内初の吊足場式架設工法の採用と輸入鋼材鈑桁の転用など、経済性と工期短縮を考慮した昭和初期の地方鉄道線建設を伝える橋梁。
狩勝信号場跡,北海道,43.1381876,142.7547246,北海道東西連絡の要衝狩勝峠に設置された、スイッチバック方式の信号場跡。築堤、レンガ・石造アーチ橋などが残り往時を語る。
小樽港斜路式ケーソン製作ヤード,北海道,43.1827845,141.0336064,滑り台方式でケーソンを進水させた世界初の施設であり、ケーソン技術の適応範囲を広げ、わが国近代港湾の発展に貢献した
創成橋,北海道,43.0596409,141.3574387,札幌のまちづくりの礎となった市内最古の石造橋。その歴史と技術を後世に継承すべく、往時の姿で復元した貴重な土木遺産である。
舞鶴橋,北海道,42.941874,141.6525958,千歳川流域の治水と開発を象徴し田園風景に映える円形アーチが地元で愛され移設保存となった戦前の希少なランガーガーダー橋である。
留萌港南防波堤,北海道,43.9630465,141.6297109,激浪による稀有の難工事と堤体の移動や改修の歴史を示しながら、港湾と都市を守り続ける初期の重力式ケーソン構造の外洋防波堤である
道庁正門前木塊舗装・銀杏並木,北海道,43.0642439,141.3502329,札幌で最初に整備された近代街路で当時の道路設計を今に伝える現存最古の木塊舗装と並木であり札幌を代表する道路景観です。
虻田発電所,北海道,42.5539449,140.758559,洞爺湖と噴火湾の落差を利用した巧みな発電計画により、戦中から戦後にかけて、北海道の産業発展に貢献した現役利用の発電所です。
夕張川新水路,北海道,43.0903683,141.6841335,石狩低平湿地を蛇行していた夕張川を直接石狩川へ合流させ、水害常襲地帯を穀倉地帯へ変貌させる礎となったショートカットです。
岡山橋,北海道,43.2285094,141.7984751,道内に現存する数少ない戦前の鋼道路橋（４橋）の１つであり、北海道で最初に架設されたソリッドリブ・タイドアーチ橋である。
覆蓋付緩速ろ過池（春光台配水場）,北海道,43.8141371,142.3626252,覆蓋付緩速ろ過池（春光台配水場）は、建設当時は日本最北の浄水施設であり、美しい煉瓦積アーチの覆蓋を設けたろ過池は、極寒地の水道施設の礎となった貴重な土木遺産であります。
旧北炭幾春別炭鉱錦立坑櫓,北海道,43.2606624,141.9674916,旧北炭幾春別炭鉱・錦坑の炭鉱施設群は、北海道内現存最古の立坑櫓を含む立坑や坑口等、北海道開拓の原点である石炭産業を土木技術が支えたことを示す貴重な遺構群であります。
新釧路川,北海道,43.0004989,144.3616003,新釧路川は「釧路市に甚大な被害を与えた大正9年洪水を契機に開削され、洪水対策に加え釧路港への土砂流入を防ぎ、地域の発展を支えた施設」であります。
松前福山波止場跡,北海道,41.4261725,140.1081875,松前港福山波止場は「松前城石垣の再利用材と北海道で最も初期の練積みコンクリートで築造された堤体を有し，近代土木技術への過渡期を物語る遺構」であります。
茨戸川の岡?式単床ブロック護岸,北海道,43.1666704,141.3521108,茨戸川の岡?式単床ブロック護岸は「岡?文吉が考案・敷設し、その技術は北海道開発に貢献し、さらには海外にも継承され、国内に普及している連節護岸の礎となる施設」であります。
旧函館本線神居古潭トンネル群,北海道,43.7328531,142.2021958,旧函館本線神居古潭トンネル群は「北海道官設鉄道として建設され、わが国有数の膨張性岩盤地帯に挑み、逐次路線改良を重ねながら道内幹線鉄道輸送を支えた施設群」であります。
陸別駅転車台,北海道,43.4681923,143.7408986,明治期に建設され当時の鉄道技術を現在に伝えるとともに、北海道東部が鉄道とともに発展したことを後世に示す貴重な土木遺産である。
本別川橋梁,北海道,43.1224979,143.6129218,明治期に建設され当時の鉄道技術を現在に伝えるとともに、北海道東部が鉄道とともに発展したことを後世に示す貴重な土木遺産である。
開拓使三角測量 勇払基点,北海道,42.6322649,141.7323151,正確な北海道地図作製のため欧米の近代測量技術で行われた三角測量基線の位置を示す遺産であり、わが国における基線測量の嚆矢である。
開拓使三角測量 一本木基点,北海道,41.8353626,140.6641786,正確な北海道地図作製のため欧米の近代測量技術で行われた三角測量基線の位置を示す遺産であり、わが国における基線測量の嚆矢である。
北海道企業局 滝の上発電所,北海道,42.9115314,141.9701851,石炭産業の電力化と高圧送電に応え、落差のある岩盤に竪坑を設けた落水方式を採用し、改修を経て地域に貢献し続ける水力発電所である。
網走橋,北海道,44.0236521,144.2667836,街の発展に伴い橋の機能と景観を保った拡幅がなされ、八十年以上に渡り国道橋として活躍する、北海道内現存最古のゲルバー鈑桁橋である。
山線鉄橋,北海道,42.7710653,141.4034949,山線鉄橋は、千歳市支笏湖温泉地区の千歳川に移設された英国製の200フィートピン構造ダブルワーレントラス橋で、道内現存最古の明治期の鋼橋 です。
苫小牧港大規模掘込港湾施設,北海道,42.6384013,141.6252418,苫小牧港大規模掘込港湾施設は、漂砂対策に基づく防波堤と長大な水路からなる世界初の掘込式港湾を砂浜と原野に築き、新たな臨海工業地帯の開発を実現した施設です。
岩松ダム,北海道,43.1968884,142.9361499,岩松ダムは、十勝川本流の豊かな水量を生かした電源開発として初めて建設され、北海道東部地域の産業発展に大きな貢献をしている発電用ダムです。
旧運河橋,北海道,43.2020378,141.3315589,旧運河橋は、鋼材の節約や軽量化、美観の向上を目標に新技術導入に挑んだ先人の気概を示す北海道で最古、国内でも最初期の全溶接単純鋼鈑桁橋です。
金山ダム,北海道,43.1297954,142.4431803,金山ダムは、中空重力式構造やフロート式取水塔等先駆的技術を採用、北海道総合開発計画の下、建設された治水・農業・水道・発電用多目的ダムです。
神居大橋,北海道,43.7323097,142.2012579,神居大橋は、景勝地神居古潭に架かる吊橋で、当初の木製補剛トラスの形式を継承しつつ改修され、かつての木橋の姿を今に伝える貴重な土木遺産です。
糠平ダム,北海道,43.3731785,143.2212185,糠平ダムは、当時最高水準の国産大型機械採用や前例のない蒸気養生により、寒地での短期施工を実現した北海道内の電力安定を支える重力式ダムです。
弾丸道路,北海道,42.8318634,141.6321526,弾丸道路は、積雪寒冷地や自動車高速走行のための先駆的な設計基準を導入し、北海道に限らず全国の道路改良の指標となった土木遺産です。
室蘭港港湾施設群,北海道,42.3472607,140.9280537,室蘭港港湾施設群は、東洋一の石炭積出港として我が国の近代化と鉄の街の飛躍的発展に貢献した港湾の歴史と技術を伝える構造物群です。
標津橋,北海道,43.6714005,145.1258845,標津橋は、アーチリブにフィーレンディール構造を持つ国内唯一の橋梁形式で、戦後の北海道の土木技術の発展に寄与した土木遺産です。
旧茂喜登牛水路橋,北海道,43.31849,143.4402442,旧茂喜登牛水路橋は、PC技術黎明期に建設した当時国内最大クラスのPC桁であるとともに、約60年間以上北海道の電力安定供給に貢献した水路橋です。
野蒜築港跡,東北,38.3785566,141.1753373,オランダ技師の提言を受けて明治政府が実施した最初の直轄港湾事業<br>（現存最古の洋式閘門とわが国を代表する運河群）
石井閘門,東北,38.4463999,141.2909686,オランダ技師の提言を受けて明治政府が実施した最初の直轄港湾事業<br>（現存最古の洋式閘門とわが国を代表する運河群）
北上運河,東北,38.4110442,141.236687,オランダ技師の提言を受けて明治政府が実施した最初の直轄港湾事業<br>（現存最古の洋式閘門とわが国を代表する運河群）
東名運河,東北,38.3731681,141.1543972,オランダ技師の提言を受けて明治政府が実施した最初の直轄港湾事業<br>（現存最古の洋式閘門とわが国を代表する運河群）
貞山運河,東北,38.2210552,140.9837542,オランダ技師の提言を受けて明治政府が実施した最初の直轄港湾事業<br>（現存最古の洋式閘門とわが国を代表する運河群）
旧海軍大湊要港部水源地堰堤,東北,41.2588711,141.1395621,意匠的に石積アーチを取り入れた、明治期を代表する水道用堰堤
岩根橋,東北,39.3576001,141.3245408,ＪＲ釜石線の鉄筋コンクリート充腹アーチ橋（昭和18年改築）で、宮沢賢治の童話｢銀河鉄道の夜｣の原風景を見る貴重なる近代土木遺産
宮守川橋梁,東北,39.3472091,141.3495908,ＪＲ釜石線の鉄筋コンクリート充腹アーチ橋（昭和18年改築）で、宮沢賢治の童話｢銀河鉄道の夜｣の原風景を見る貴重なる近代土木遺産
安積疏水,東北,37.4630847,140.2890133,明治期の疏水事業の一つ安積疏水のシンボル十六橋水門、一部当時の姿を残す疏水水路、発電所施設は貴重なる近代土木遺産
沼上発電所余水路,東北,37.4860642,140.1997705,明治期の疏水事業の一つ安積疏水のシンボル十六橋水門、一部当時の姿を残す疏水水路、発電所施設は貴重なる近代土木遺産
十六橋水門,東北,37.521782,140.0244422,明治期の疏水事業の一つ安積疏水のシンボル十六橋水門、一部当時の姿を残す疏水水路、発電所施設は貴重なる近代土木遺産
丸守発電所,東北,37.4816702,140.2672693,明治期の疏水事業の一つ安積疏水のシンボル十六橋水門、一部当時の姿を残す疏水水路、発電所施設は貴重なる近代土木遺産
上郷温水路群,東北,39.1908095,139.9790731,鳥海山からの融雪水による冷水害対策として、水路幅を広く、水深を浅くし、落差工を連続させた日本で初めての温水路である。
最上橋,東北,38.3814074,140.2134081,最上川に架かる最上橋は、３連の美しいリブアーチ橋の姿、調和のとれたバルコニーと高欄が歴史を物語る貴重なる土木遺産である。
鴇波洗堰,東北,38.6070259,141.2928199,戦前の大規模分水事業、北上川第一期改修工事にて建設された施設。我が国の分水堰技術の黎明期に選定された希少なるゲート形式群
脇谷水門,東北,38.6017709,141.2924932,戦前の大規模分水事業、北上川第一期改修工事にて建設された施設。我が国の分水堰技術の黎明期に選定された希少なるゲート形式群
福地閘門,東北,38.5298434,141.375237,戦前の大規模分水事業、北上川第一期改修工事にて建設された施設。我が国の分水堰技術の黎明期に選定された希少なるゲート形式群
釜谷水門,東北,38.5654703,141.4427438,戦前の大規模分水事業、北上川第一期改修工事にて建設された施設。我が国の分水堰技術の黎明期に選定された希少なるゲート形式群
月浜第一・第二水門,東北,38.5638129,141.4280769,戦前の大規模分水事業、北上川第一期改修工事にて建設された施設。我が国の分水堰技術の黎明期に選定された希少なるゲート形式群
野辺地防雪原林,東北,40.8550244,141.1191357,日本鉄道?の防雪対策として植栽された、わが国最初の防雪林。自然資源の有効利用による希少な土木遺産である。
十綱橋,東北,37.8306464,140.4551507,飯坂温泉街の中心地に位置し、ブレーストリブアーチが美しい日本最古級の大正期の鋼アーチ橋。歴史を物語る貴重な土木遺産である。
尾去沢鉱山施設群,東北,40.18566,140.7466402,完成当時、選鉱場として東洋一の処理能力を持ち、現存する最大級の遺構であり、周辺に残存する施設を含めて鉱山の様子を伝えている。
青岩橋,東北,40.3450053,141.2746877,完成後70年余を経てなお岩手県北・青森県南の交流のシンボルとして機能しているトレッスル橋脚を有する道路橋である。
明鏡橋,東北,38.3335186,140.1716098,美しい鉄筋コンクリートアーチ橋で、開腹部のアーケード形状、高欄の逆アーチ形状等、デザイン的に優れている。
尻屋埼灯台,東北,41.4303789,141.4621368,日本の灯台の父Ｒ．Ｈ．ブラントンが手がけ、近代灯台建設の始まりを伝える貴重な施設。現存の煉瓦造灯塔は国内最大級。
土崎港,東北,39.7508302,140.0599758,波止場や防波堤による港湾の近代化を図るとともに、洪水対策として放水路を整備し、工事で生じた土砂を用いて工業地帯を整備した。
雄物川放水路,東北,39.6924591,140.0771395,波止場や防波堤による港湾の近代化を図るとともに、洪水対策として放水路を整備し、工事で生じた土砂を用いて工業地帯を整備した。
品井沼干拓関連施設,東北,38.4267716,141.0740325,元禄から明治・大正・昭和の時代まで約300年にわたり、一連の品井沼干拓事業に対する地元の汗と情熱を支えた一大土木施設群。
明治潜穴,東北,38.4204288,141.0594895,元禄から明治・大正・昭和の時代まで約300年にわたり、一連の品井沼干拓事業に対する地元の汗と情熱を支えた一大土木施設群。
元禄潜穴,東北,38.4064472,141.0664698,元禄から明治・大正・昭和の時代まで約300年にわたり、一連の品井沼干拓事業に対する地元の汗と情熱を支えた一大土木施設群。
吉田川サイフォン,東北,38.4391815,141.0685126,元禄から明治・大正・昭和の時代まで約300年にわたり、一連の品井沼干拓事業に対する地元の汗と情熱を支えた一大土木施設群。
鳴瀬川吉田川背割堤,東北,38.4318161,141.1176411,元禄から明治・大正・昭和の時代まで約300年にわたり、一連の品井沼干拓事業に対する地元の汗と情熱を支えた一大土木施設群。
荒川地蔵原堰堤,東北,37.703993,140.3497913,霞堤と水防林による近世からの地先治水と大正・昭和における砂防堰堤群等の直轄事業とが融合した治水砂防システム。
荒川第一堰堤,東北,37.6924145,140.3395463,霞堤と水防林による近世からの地先治水と大正・昭和における砂防堰堤群等の直轄事業とが融合した治水砂防システム。
最上川橋梁（JR左沢線）,東北,38.3438162,140.2759279,最上川橋梁（JR左沢線・フラワー長井線）は、明治時代の全錬鉄製ダブルワーレントラス橋で国内最古の現役鉄道橋であり歴史的に貴重な土木遺産
最上川橋梁【荒砥鉄橋】（フラワー長井線）,東北,38.1856033,140.0900959,最上川橋梁（JR左沢線・フラワー長井線）は、明治時代の全錬鉄製ダブルワーレントラス橋で国内最古の現役鉄道橋であり歴史的に貴重な土木遺産
谷地河原堤防,東北,37.8765948,140.1263265,直江兼続治水利水施設群は、近世初期の城下町米沢を形成する骨格となり、時代を超えて生活や歴史文化を支えている貴重な地域資産
堀立川,東北,37.8856872,140.1032115,直江兼続治水利水施設群は、近世初期の城下町米沢を形成する骨格となり、時代を超えて生活や歴史文化を支えている貴重な地域資産
上田一里塚,東北,39.7354069,141.1430364,奥州街道の一里塚群は東北地方における近世以降の交通の礎となり、国内産業並びに地域の交流や文化の向上発展を支えた貴重な遺産
新塚一里塚,東北,39.8722317,141.1818629,奥州街道の一里塚群は東北地方における近世以降の交通の礎となり、国内産業並びに地域の交流や文化の向上発展を支えた貴重な遺産
天間館一里塚,東北,40.7449951,141.1739513,奥州街道の一里塚群は東北地方における近世以降の交通の礎となり、国内産業並びに地域の交流や文化の向上発展を支えた貴重な遺産
坊の塚一里塚,東北,40.8530627,141.1365241,奥州街道の一里塚群は東北地方における近世以降の交通の礎となり、国内産業並びに地域の交流や文化の向上発展を支えた貴重な遺産
新橋（新町めがね橋）,東北,38.0958514,140.3120618,明治期の山形の石橋群は、九州の石橋建造技術を地元の石工等が習得し広めていった貴重な土木遺産。
堅磐橋,東北,38.1301657,140.2352178,明治期の山形の石橋群は、九州の石橋建造技術を地元の石工等が習得し広めていった貴重な土木遺産。
吉田橋,東北,38.0954212,140.2080308,明治期の山形の石橋群は、九州の石橋建造技術を地元の石工等が習得し広めていった貴重な土木遺産。
西根堰,東北,37.8331548,140.4545768,近世初頭の農業土木技術の系譜を残し、地元住民の情熱に支えられ、現在地域学習に利活用されている貴重な農業土木施設群である。
仙台市煉瓦下水道,東北,38.2646,140.863101,全国初の多くの先端的取り組みを実施し、大地震に耐え、映画撮影等に利活用されるなど、完成後110年経てもなお現役の貴重な煉瓦下水道施設群である。
船川港第一船入場・第二船入場防波堤,東北,39.880489,139.858917,外国貿易港へと踏み出す機能強化の中で施工された防波堤群は、間知石積み工法による大正・昭和初期の技術の面影を留める土木遺産です。
疣岩円形分水工,東北,38.1110051,140.6280477,疣岩円形分水工は「地元民の英知と情熱を注いだ事前協議のもと、水争いを未然に防いだ円形分水工は、その水分配もまるく収めた貴重な土木遺産です。
万世大路,東北,37.8467008,140.2430087,明治・昭和期の先端土木技術を駆使し、山形・福島両県の物流並びに人の交流と絆を育んだ歴史的地域資産である。
稲生川,東北,40.6383171,141.2837214,三本木原開拓施設群は、幕末期より始まった十和田市周辺地域の発展の礎であることはもとより、東北、北海道開発の嚆矢に位置する貴重な土木遺産であります。
十和田市,東北,40.6126011,141.2069318,三本木原開拓施設群は、幕末期より始まった十和田市周辺地域の発展の礎であることはもとより、東北、北海道開発の嚆矢に位置する貴重な土木遺産であります。
第二広瀬川橋梁,東北,38.2915488,140.6863482,山線鉄道施設群は「トレッスル橋、長大隧道など昭和初期の先端土木技術を反映し、転車台、変電所、機関区など東北初の直流電化や戦後新幹線の礎となる交流電化発祥の地として世界に誇る日本の鉄道技術資産」であります。
仙山隧道,東北,38.3318274,140.5187384,仙山線鉄道施設群は「トレッスル橋、長大隧道など昭和初期の先端土木技術を反映し、転車台、変電所、機関区など東北初の直流電化や戦後新幹線の礎となる交流電化発祥の地として世界に誇る日本の鉄道技術資産」であります。
磐越西線鉄道施設群,東北,37.6391831,139.7665163,明治・大正期の多様な橋梁群、隧道、駅舎、転車台群を有し、さらに震災時の石油製品輸送などライフラインとして東北と関東を繋いだ貴重な土木遺産である。
四ツ谷用水,東北,38.26954,140.8340467,広瀬川の河岸段丘の微地形を巧みに利用し自然流下の水路配置と地下水涵養を行い、杜の都仙台の水環境を支える近世より継承された貴重な土木遺産である。
十三湖水戸口突堤,東北,41.0371652,140.3194603,地域を苦しめた度重なる水戸口閉塞による浸水被害を解消し、岩木川の治水と津軽平野の発展の礎となった貴重な土木遺産である。
鳴子ダム,東北,38.7536811,140.7051391,複雑なカルデラ地形の地に外国の技術者を招かずに日本の技術者だけで建設した我が国初の本格的100m級アーチ式コンクリ−トダムである。
馬淵川放水路,東北,40.5333243,141.4896487,馬淵川放水路は、多くの洪水の原因となっていた大きく湾曲した河口部を改善し、北東北有数の産業都市である八戸市の発展の礎となった貴重な土木遺産です。
田瀬ダム,東北,39.3431301,141.3185023,北上川上流総合開発ダム群　五大ダムは、北上川流域の治水を最大の目的にしながら、発電・灌漑用水・上水などの機能を併せた多目的ダム群として地域を支える土木構造物群です。
湯田ダム,東北,39.3015602,140.8850217,北上川上流総合開発ダム群　五大ダムは、北上川流域の治水を最大の目的にしながら、発電・灌漑用水・上水などの機能を併せた多目的ダム群として地域を支える土木構造物群です。
四十四田ダム,東北,39.7527549,141.1484829,北上川上流総合開発ダム群　五大ダムは、北上川流域の治水を最大の目的にしながら、発電・灌漑用水・上水などの機能を併せた多目的ダム群として地域を支える土木構造物群です。
御所ダム,東北,39.6935441,141.0299418,北上川上流総合開発ダム群　五大ダムは、北上川流域の治水を最大の目的にしながら、発電・灌漑用水・上水などの機能を併せた多目的ダム群として地域を支える土木構造物群です。
石淵ダム広場,東北,39.1159181,140.9027407,北上川上流総合開発ダム群　五大ダムは、北上川流域の治水を最大の目的にしながら、発電・灌漑用水・上水などの機能を併せた多目的ダム群として地域を支える土木構造物群です。
只見線鉄道施設群,東北,37.4786917,139.6722956,只見線鉄道施設群は、福島・新潟両県の地域資源の活用や豪雪地帯を結ぶライフラインとして、その機能美や四季折々の風景を創生する貴重な土木遺産群です。
旧祓川橋,東北,37.7658745,140.4665789,福島の石橋群は、近世から明治期に伝承された信州や九州の石工技術を地元の石工が磨き育てた歴史を顕彰できる貴重な土木遺産群です。
旧信夫橋,東北,37.7443457,140.4633445,福島の石橋群は、近世から明治期に伝承された信州や九州の石工技術を地元の石工が磨き育てた歴史を顕彰できる貴重な土木遺産群です。
めがね橋（松川橋）,東北,37.65479,140.4587501,福島の石橋群は、近世から明治期に伝承された信州や九州の石工技術を地元の石工が磨き育てた歴史を顕彰できる貴重な土木遺産群です。
甚念坊山2号橋,東北,37.6985478,140.5072414,福島の石橋群は、近世から明治期に伝承された信州や九州の石工技術を地元の石工が磨き育てた歴史を顕彰できる貴重な土木遺産群です。
広表の眼鏡橋,東北,37.6707243,140.5252527,福島の石橋群は、近世から明治期に伝承された信州や九州の石工技術を地元の石工が磨き育てた歴史を顕彰できる貴重な土木遺産群です。
大桂寺のめがね橋,東北,37.6617129,140.543443,福島の石橋群は、近世から明治期に伝承された信州や九州の石工技術を地元の石工が磨き育てた歴史を顕彰できる貴重な土木遺産群です。
丸森橋,東北,37.921761,140.7622147,丸森橋は、戦前に作られたプラットトラス道路橋として宮城県内で唯一現存している石張りの橋脚も特徴的な貴重な土木遺産です。
永代橋,関東+山梨・新潟,35.676323,139.7875643,近代橋梁技術の粋を集めて造られた隅田川震災復興橋梁群の中核的存在<br>（日本初の100ｍ超スパンの橋と美しさを追求した特殊な吊橋）
清洲橋,関東+山梨・新潟,35.6824561,139.7918177,近代橋梁技術の粋を集めて造られた隅田川震災復興橋梁群の中核的存在<br>（日本初の100ｍ超スパンの橋と美しさを追求した特殊な吊橋）
猿島要塞,関東+山梨・新潟,35.2860816,139.6942661,初期の代表的な軍事要塞<br>（環東京湾要塞で観音埼に次いで造られ、明治10年代の煉瓦構造の特徴が良く出た保存状態の良好な要塞）
丸沼ダム,関東+山梨・新潟,36.8238971,139.3398155,わが国では希少性が高く、かつ最大の堤高を誇るバットレス式ダム
五ヶ門樋,関東+山梨・新潟,35.9687702,139.786982,装飾性にあふれた、埼玉県に現存する二番目に古い煉瓦水門
萬代橋,関東+山梨・新潟,37.9195424,139.053196,日本人技術者による初の空気潜函工法を用いて築かれ、充腹アーチ橋として国内最大の支間長を誇り、マグニチュード七・五の新潟地震に耐えた橋梁
晩翠橋,関東+山梨・新潟,36.978685,140.061894,周囲の景観と調和のとれた鋼製バランスドアーチで県下有数の名橋
関宿水閘門,関東+山梨・新潟,36.1025997,139.7777186,利根川改修事業のシンボル的存在で、数少ない現役の大型水門（８門）と、船の航行のための閘門
千葉高架水槽,関東+山梨・新潟,35.6062953,140.1377583,多角形（正12角形）の配水塔は稀であり、屋根は円錐、踊り場がコーニス風に突出したデザイン
源堰堤,関東+山梨・新潟,35.6525564,138.4103214,大正期の砂防堰堤で、当時最大級の高さ、大きさ、及び美しさを持つ、最初期の練積堰堤群
芦安堰堤,関東+山梨・新潟,35.6360986,138.3716443,大正期の砂防堰堤で、当時最大級の高さ、大きさ、及び美しさを持つ、最初期の練積堰堤群
榛名山麓砂防堰堤群,関東+山梨・新潟,36.4401668,138.9547142,明治期にデ・レイケの指導を受けた技術者によって造られた砂防堰堤群。自然石を用いたアーチ形状と、天端の縄たるみ形状が美しい。
柳原水閘,関東+山梨・新潟,35.7519657,139.8919718,明治期に造られた樋門で、４連アーチの大規模な煉瓦造りは美しく、数少ない貴重な構造物
聖徳記念絵画館前通り,関東+山梨・新潟,35.677795,139.7186048,東京を代表する道路景観であり、ワービット工法を利用したわが国最古級の車道用アスファルト舗装
旭橋,関東+山梨・新潟,35.231968,139.0996789,箱根駅伝のコース上にあり、橋がRC下路式タイドアーチ、洞門は中国の王宮をイメージしたデザインのRC６連など観光地箱根に相応しいデザイン
千歳橋,関東+山梨・新潟,35.2328871,139.0949926,箱根駅伝のコース上にあり、橋がRC下路式タイドアーチ、洞門は中国の王宮をイメージしたデザインのRC６連など観光地箱根に相応しいデザイン
函嶺洞門,関東+山梨・新潟,35.2326006,139.0964168,箱根駅伝のコース上にあり、橋がRC下路式タイドアーチ、洞門は中国の王宮をイメージしたデザインのRC６連など観光地箱根に相応しいデザイン
戸祭配水場,関東+山梨・新潟,36.5840453,139.875034,北関東最大の宇都宮市の水需要を支え、創設期の雰囲気を伝える。地元特産の大谷石を用い、日光街道杉並木を背景とするなど地域性に優れる
第六号接合井,関東+山梨・新潟,36.6380756,139.8493129,北関東最大の宇都宮市の水需要を支え、創設期の雰囲気を伝える。地元特産の大谷石を用い、日光街道杉並木を背景とするなど地域性に優れる
今市浄水場,関東+山梨・新潟,36.727093,139.679609,北関東最大の宇都宮市の水需要を支え、創設期の雰囲気を伝える。地元特産の大谷石を用い、日光街道杉並木を背景とするなど地域性に優れる
めがね橋　倉松落大口逆除,関東+山梨・新潟,35.9875324,139.7611549,埼玉県内に数多い煉瓦造樋管・堰の中で最古級であり、現存する中で最大級で、かつ４連はこれだけである。
めがね橋（眺尾橋）,関東+山梨・新潟,34.9117839,139.8717076,千葉県下で数少ない石造構造物であり、関東唯一の３連めがね橋。長尾村民（当時）の寄付により工費を調達するなど地域史的価値が高い。
大日影トンネル,関東+山梨・新潟,35.6700083,138.7437898,JR中央本線跡地の両トンネルは、完成から廃止に至るまでの95年間機能し続け、建設時の原型をそのまま残しており保存状態も良い。
栗山配水塔,関東+山梨・新潟,35.7552102,139.8977469,千葉県水道創設時の円筒形高架水槽で、ドーム状塔屋、頭部に4本柱の換気口をもつ。現役で配水を担い、地域の歴史的景観をなす。
中山隧道,関東+山梨・新潟,37.3028076,138.9289802,日本一長い手掘り隧道で、現在も残るツルハシの痕跡など先人達の偉大なエネルギーと苦闘の歴史を伝えてくれる貴重な土木遺産。
東隧道,関東+山梨・新潟,35.4443336,139.6024863,紫褐色の焼き過ぎ煉瓦と白の花崗岩とで装飾されている古典的デザインの坑門は、風格と美しさを備え、地域のランドマークとして親しまれている。水道幹線路の隧道で、公道と兼用になっているのもめずらしい。
大原隧道,関東+山梨・新潟,35.4395789,139.606232,紫褐色の焼き過ぎ煉瓦と白の花崗岩とで装飾されている古典的デザインの坑門は、風格と美しさを備え、地域のランドマークとして親しまれている。水道幹線路の隧道で、公道と兼用になっているのもめずらしい。
名栗川橋,関東+山梨・新潟,35.8605149,139.1885617,竣工当時、道路橋としては県内で最大スパン、関東地域でも箱根町にある玉之緒橋に次ぐスパン長を誇った。美しい堅牢なRC上路ア―チ橋で、現在も小型車等が通行している。建設費の一部は、地元民が労費を提供した歴史をもつ。
吾嬬橋,関東+山梨・新潟,36.5988058,138.6301045,わが国唯一のピン結合タイプのペンシルバニア型鋼トラス。明治34年、鉄道併設道路橋として利根川に架橋された坂東橋の一連が、昭和36年、現位置に移設され、国道橋・県道橋・村道橋として、一世紀にわたり現役で利用されている。
利根運河,関東+山梨・新潟,35.9177181,139.918029,オランダ人技師ムルデルの計画に基づき、民間会社によって建設された。地形に沿って建設された当初の形態や線形が残る歴史的に貴重な運河。
清水峠越新道,関東+山梨・新潟,36.894272,138.9477614,急峻な谷川連峰の地形と有数の豪雪地帯という厳しい自然環境の中で、一世紀以上の歳月に耐えた往時の職人技術は、土木遺産に相応しい。
親不知旧道,関東+山梨・新潟,36.9933161,137.6958778,先人たちが急峻な地形と複雑な地質に挑み、北陸地方の産業、経済の発展に貢献したことを後世へ伝える貴重な土木遺産である。
村山・山口貯水池,関東+山梨・新潟,35.774082,139.413749,水道アースダムとしては、3基いずれも当時最大規模。管理橋の吊橋は珍しく、近代では現存唯一。親水景観として優れている。
箱根登山鉄道,関東+山梨・新潟,35.241992,139.06301,本格的な登山鉄道で、粘着式鉄道としては我が国で最もきつい勾配であり、世界的にも珍しいもので、既に88年の歴史を誇っている。
境橋,関東+山梨・新潟,36.6609585,140.1768216,全国に数例しかないバルコニー付きRC開腹アーチ橋で希少性に富む。景勝地に橋梁が融合し新たな地域の景観美を創出している。
七重川砂防堰堤群,関東+山梨・新潟,36.0021418,139.2061261,近接・連続した堰堤から成る流路工で、大正・昭和初期当時の砂防工法を遺す。
堀江水準標石,関東+山梨・新潟,35.6620452,139.8911285,オランダ技師リンドが明治5年に設置した近代日本の最初の水準測量の標石のひとつ。Y.P（江戸川工事用基準面）の原点。
勝沼堰堤,関東+山梨・新潟,35.6538561,138.7467234,扇状地河川の治水によって勝沼のぶどう生産が発展する基盤をつくったものであり、山梨県の歴史を語る上で重要な遺産である。
小倉橋,関東+山梨・新潟,35.5866352,139.2990613,当時としては画期的な４径間アーチが連なる連続感、橋の側面が描き出す力学的な造形美と、周辺の渓谷美との調和が美しい。
荒川横堤,関東+山梨・新潟,35.8260395,139.6306049,荒川の横堤は高水調節を行うため、河道内に本堤から横方向に築いた堤防で、荒川独特の施設である。
黒川発電所膳棚水路橋,関東+山梨・新潟,36.9307869,140.1310548,大正期のRCラーメンで希少性に富み、かつX字型に筋交いの入った3本橋脚は技術・意匠に優れ、独創的な造形美を呈している。
銀座線（浅草~新橋）,関東+山梨・新潟,35.7107924,139.7977621,昭和2年の部分開通から、7年をかけて新橋駅まで開通した。東洋で最初に営業を開始した地下鉄道であり、土木的に重要。
奥多摩橋,関東+山梨・新潟,35.800677,139.2156417,本橋梁は、戦前の道路用鋼アーチ橋として最大スパンであり、アーチライズの大きい、非常に優美な橋梁である。
汐止橋,関東+山梨・新潟,35.1445357,139.8372859,本橋梁は、石積み上路アーチ橋で、特徴は各切石がアーチに向かい斜めに積まれている。また、地元の保田石を使用した歴史ある橋である。
小坪隧道・名越隧道,関東+山梨・新潟,35.3065992,139.5651529,明治１６年地元の有志により掘られて以来、大正年間の拡幅・煉瓦巻を経て現在に至る。優美な意匠の坑門がその歴史の重さを伝える。
旧須花隧道,関東+山梨・新潟,36.3988809,139.4901275,素掘り・煉瓦造・RC造と構造の異なる3本の隧道が並存し希少性に富み、且つ地域開発への先人の熱い思いを今に伝えている。
剣崎浄水場,関東+山梨・新潟,36.3476525,138.9491181,剣崎浄水場は明治４３年に建設された施設で、砂ろ過と生物ろ過を組み合わせた緩速ろ過方式を採用する貴重な施設である。
霞ヶ浦湖岸施設（元鹿島海軍航空跡）,関東+山梨・新潟,36.0045846,140.3728649,当旧海軍施設は、７０年の歳月を経た現在でも治水施設として機能を発揮しており、当時の土木技術水準の高さが伺えるため。
権現堂川用水樋管群,関東+山梨・新潟,36.0928603,139.723474,権現堂川用水新圦(しんいり)は煉瓦造り樋管で保存状態が良い。巡礼樋管は高欄に装飾が施されており、取り付く堤防は桜の名所である。
煉瓦アーチ式高架橋,関東+山梨・新潟,35.6710294,139.7595637,建設後100年を経て、なお、現役の高架橋として活用されているだけでなく、煉瓦アーチ式の高架橋として景観的にも優れている。
鬼怒橋,関東+山梨・新潟,36.543151,139.950267,煉瓦円形ウェルと切石積み橋脚の上に15連の曲弦トラスが連続する景観は壮麗であり、当時の技術力と美意識が感受される。
千葉分場1号配水池,関東+山梨・新潟,35.6077072,140.1378077,県営水道創設当時から市内の配水を担う貴重な施設である。構造は、今では珍しい鉄筋コンクリート製の梁・柱式円形配水池である。
大手橋,関東+山梨・新潟,36.3749493,140.4784733,藩政時代の様式を継承しつつ鉄筋コンクリート造りの橋として架け替えられたもので，水戸城址通りの拠点として親しまれている。
央橋（なかばし）,関東+山梨・新潟,36.5959862,140.5420663,旧棚倉街道の里川に架かり、当時としては画期的な造形美を誇り、山紫水明の地に美しく映えるアーチのローゼ橋である。
雄川堰,関東+山梨・新潟,36.2360942,138.9191614,雄川堰は嘉永19年（1642年）、小幡城下に住む住民の飲料水と生活用水を確保するために建設された玉石構造（空積）の用水路で、古き歴史を今日に残している貴重な土木遺産である。
相模野基線北端点,関東+山梨・新潟,35.531277,139.4064171,明治15年、地形図全国整備計画に基づき設置された相模野基線は、全国5万分の１地形図完成に至る我が国近代測量の発祥地である。
相模野基線南端点,関東+山梨・新潟,35.4901828,139.4342749,明治15年、地形図全国整備計画に基づき設置された相模野基線は、全国5万分の１地形図完成に至る我が国近代測量の発祥地である。
堀割川,関東+山梨・新潟,35.4256454,139.6234567,明治初期に開削され、大岡川から分流された掘割川は横浜市の水運、治水対策等に大きな役割を果たし、長大な石積護岸は当時の面影を残す。
筑波山千寺川砂防堰堤群,関東+山梨・新潟,36.2138988,140.1021249,茨城県における最初の本格的砂防事業によるもので、石積みの趣のある渓流の景観を醸し出し、当時の土木技術を伝える貴重な構造物です。
山縣水道水源池,関東+山梨・新潟,35.2514262,139.128892,江戸後期に開かれ、後に童謡歌めだかの学校が生まれた市民憩いの場所で、関連施設の山懸水道、山崎発電所とともに貴重な土木遺産です。
めだかの学校,関東+山梨・新潟,35.2623817,139.1492033,江戸後期に開かれ、後に童謡歌めだかの学校が生まれた市民憩いの場所で、関連施設の山懸水道、山崎発電所とともに貴重な土木遺産です。
五行川橋梁,関東+山梨・新潟,36.4507669,140.0272319,現役最古のポニーワーレントラスでポーナル型99フィートピントラス。わが国の鉄道草創期の息吹を今に伝える貴重な歴史遺産です。
小貝川橋梁,関東+山梨・新潟,36.4576876,140.0834953,現役最古のポニーワーレントラスでポーナル型99フィートピントラス。わが国の鉄道草創期の息吹を今に伝える貴重な歴史遺産です。
只川橋,関東+山梨・新潟,36.2323028,138.8139156,リベット接合による２ヒンジ鋼ブレースドリブアーチ構造の架橋で当時の芸術的な美しさを現在に残し、地域のシンボルとなっている橋です。
大源太川第１号砂防堰堤,関東+山梨・新潟,36.9194017,138.8852254,直轄砂防事業として日本で最初期に完成したアーチ式砂防堰堤で堰堤表面の石積みとアーチ構造が織り成す景観は、深緑の渓谷に美しい姿を保っています。
駒沢給水所配水塔,関東+山梨・新潟,35.6338164,139.6508431,独創的な意匠を持つ貴重な土木構造物であり、街のシンボルとして地域住民にとって愛着の深い施設である。
山生橋梁,関東+山梨・新潟,35.0680779,140.0784023,鉄道橋では日本初の鉄筋コンクリートＴ型梁形式の橋梁であり形式もアーチから桁・梁構造へと進化する記念碑的な意義を持つ構造物である。
二ヶ領用水宿河原堰取水口,関東+山梨・新潟,35.6197845,139.5750823,多摩川流域で最古で最大の農業用水であり、江戸時代に造られたもので用水の機能が現在まで残されている貴重な土木遺産である。
花貫川第一発電所第3号水路橋,関東+山梨・新潟,36.7278932,140.6426798,アーチの導水路橋で我が国における初期のコンクリート橋であり、風光明媚な県立自然公園の中でめがね橋の愛称で親しまれている貴重な土木遺産である。
前橋地先の利根川の護岸と水制工,関東+山梨・新潟,36.3948805,139.0603051,前橋地先の利根川に現存する石堤、蛇篭、ケーソン基礎護岸と水制工は、特徴ある工法で洪水から河岸を守る貴重な土木遺産である。
新佐賀橋,関東+山梨・新潟,36.1077946,139.4505555,開腹式アーチ構造が美しく、親柱や高欄に装飾が施されており、同橋は川とのふれあいの場として、ランドマークになっている貴重な土木遺産である。
長潭橋,関東+山梨・新潟,35.725907,138.5487416,県内に現存する戦前完成の3つのコンクリートアーチ道路橋のうち最古であり、景勝地「昇仙峡」観光の歴史を語る上で重要な土木遺産である。
加治川運河水門,関東+山梨・新潟,37.9891914,139.3013525,大正初期に治水対策として建設された分水路の水門で、当時の技術による美しい石造りと加治川の治水史を今に伝える貴重な土木遺産である。
東京動力機械製造株式会社地下工場跡,関東+山梨・新潟,36.6573132,140.1378472,戦車製造の軍需工場として人力だけで建造された総延長600ｍの素掘り隧道群で、意匠・技術力を超越した迫力が感受される土木遺産である。
旧宇都宮飛行場掩体壕,関東+山梨・新潟,36.531885,139.982088,掩体壕3基と監視哨2基の県下現存防空関連施設群で、特異な時代体制下における土木技術の一つの役割を伝える希少性に富む遺産である。
旧金丸原飛行場掩体壕,関東+山梨・新潟,36.8506607,140.0861677,掩体壕3基と監視哨2基の県下現存防空関連施設群で、特異な時代体制下における土木技術の一つの役割を伝える希少性に富む遺産である。
烏山防空監視哨,関東+山梨・新潟,36.6594919,140.1485237,掩体壕3基と監視哨2基の県下現存防空関連施設群で、特異な時代体制下における土木技術の一つの役割を伝える希少性に富む遺産である。
口粟野防空監視哨,関東+山梨・新潟,36.5180367,139.6654112,掩体壕3基と監視哨2基の県下現存防空関連施設群で、特異な時代体制下における土木技術の一つの役割を伝える希少性に富む遺産である。
閘門橋,関東+山梨・新潟,35.7949272,139.8598824,閘門橋は、明治時代に建造された都内に現存する数少ないレンガアーチ橋であり、上流側と下流側でアーチの門数が異なる非常に珍しい構造の橋梁だけでなく、樋門としても貴重な土木遺産であります。
長生橋,関東+山梨・新潟,37.4443879,138.8329437,長生橋は、昭和初期に建設された、今では数少ない下路式ゲルバー鋼構橋で、優美な十三連の上曲弦トラスが特徴的である貴重な土木遺産であります。
所野第一発電所外山原取水施設,関東+山梨・新潟,36.7497161,139.625326,所野第一発電所外山原取水施設は、現存する現役最古の発電用堰堤とその関連施設で、本邦水力発電の黎明期の様相とともに時間流砂の深みが息づく貴重な土木遺産であります。
柳瀬橋,関東+山梨・新潟,36.2909733,139.0761133,柳瀬橋は、昭和初期に架橋された７連の鋼ポニートラス構造の橋梁で、鋼橋の技術的な発展を現在に伝える貴重な橋である。
神田下水,関東+山梨・新潟,35.691741,139.7702426,神田下水は、レンガ積みで明治17年から18年に建設され、現在も一部が機能を果しているわが国初の近代下水道であります。
神奈川県営水道施設群（記念館他）,関東+山梨・新潟,35.3715806,139.3796348,神奈川県営水道施設群は、湘南地域１市９町に創設され、現在は12市6町に拡大した我が国初の県営広域水道の歴史を永く県民に伝える貴重な土木遺産であります。
成宗電車第一トンネル,関東+山梨・新潟,35.7810936,140.3179331,成宗電車第一、第二トンネルは「明治４３年に建設された煉瓦造の鉄道トンネルで、形態的にほぼ同一な２つのトンネルが連続している姿は趣がある貴重な土木遺産」であります。
成宗電車第二トンネル,関東+山梨・新潟,35.7802314,140.318139,成宗電車第一、第二トンネルは「明治４３年に建設された煉瓦造の鉄道トンネルで、形態的にほぼ同一な２つのトンネルが連続している姿は趣がある貴重な土木遺産」であります。
羽村取水堰（投渡堰）,関東+山梨・新潟,35.7557198,139.3081933,羽村取水堰（投渡堰）は「江戸の発展を支えた歴史的価値の高い施設であることに加え、設置当時の投渡しの技術が現在まで継承されている貴重な土木遺産」であります。
稲荷川砂防堰堤群,関東+山梨・新潟,36.7651393,139.595773,日光稲荷川流域の砂防堰堤群は「技術革新による砂防工法の移行期に建造された堰堤群で、比類のない意匠的特徴とともに近代砂防の歴史を伝える重厚壮麗な土木遺産」であります。
信越線 太田切橋梁,関東+山梨・新潟,36.9059549,138.218075,信越線　太田切橋りょうは「明治中期に、谷越えの鉄道敷設に当たり築造されたレンガと石造りの水路トンネルで、現在も使用されている貴重な土木遺産」であります。
水戸市水道低区配水塔,関東+山梨・新潟,36.3779893,140.4755473,水戸市低区配水塔は「鋼製水槽を内蔵する鉄筋コンクリート造りの水道配水塔で、外壁には装飾が施され、近代水道にかける市民の思いが込められた施設」であります。
江ノ島電鉄,関東+山梨・新潟,35.3066988,139.5006747,江ノ島電鉄は「明治期の日本における鉄道黎明期の雰囲気を今に伝え、地元密着型の軌道として湘南の風景の一部となっている貴重な土木遺産」であります。
敷島浄水場配水塔,関東+山梨・新潟,36.4150695,139.0545807,敷島浄水場の配水塔は「県都前橋の憩いの場である敷島のシンボルであり、水道の歴史を伝承する貴重な土木遺産」であります。
堀切橋,関東+山梨・新潟,36.1047131,139.4744859,堀切橋は「親柱頂部に尖頭や半球が施され、高欄は三角形等の空間がある。これらの表面に幾何学模様が刻まれており、野外アート風の橋である貴重な土木遺産」であります。
旧親不知トンネル,関東+山梨・新潟,36.9932758,137.6977512,旧親不知トンネルは「明治後期に天険親不知の断崖絶壁を貫通させた総煉瓦造りのトンネルで、当時の土木技術を後世に伝える貴重な土木遺産」であります。
東秋留橋,関東+山梨・新潟,35.7186326,139.2976579,東秋留橋は「橋長149.7m、6径間連続の鉄筋コンクリートアーチ橋であり、戦後の施工例は全国的に殆ど無く、戦前を代表する貴重な橋梁」であります。
大間港,関東+山梨・新潟,38.0390214,138.235418,大間港は「服部長七のたたき工法による護岸で築港され、RC橋脚、鋼トラス・台座などの施設とともに佐渡鉱山を下支えした貴重な土木遺産」であります。
緑町配水場（足利市近代水道施設群）,関東+山梨・新潟,36.3386349,139.4346223,足利市近代水道施設群は「生活衛生と工業化を支え市制施行後の都市づくりの基盤となった装飾性豊かな施設群で、近代化の様相を映し出す貴重な文化遺産」であります。
今福浄水場（足利市近代水道施設群）,関東+山梨・新潟,36.3366164,139.4293059,足利市近代水道施設群は「生活衛生と工業化を支え市制施行後の都市づくりの基盤となった装飾性豊かな施設群で、近代化の様相を映し出す貴重な文化遺産」であります。
元町・山手地区の震災復興施設群,関東+山梨・新潟,35.437167,139.6483975,元町・山手地区の震災復興施設群は「横浜の都市形成において重要な役割を担い、設計・意匠等最先端の土木技術が取り入れられ、歴史的構造物としても貴重な土木遺産」であります。
筑波山ケーブルカー,関東+山梨・新潟,36.2144669,140.0999308,筑波山ケーブルカーは「コンクリート覆工隧道や90度に方向転換する路線設定など大正期の最新技術を駆使し建設され、今尚、筑波山観光の重要な交通施設」であります。
旧上野鉄道鬼ヶ沢橋梁,関東+山梨・新潟,36.2262947,138.7932004,旧上野鉄道鬼ヶ沢橋梁は「富岡製糸場等と縁のある鉄道施設で、軽便鉄道規格で明治30年当時の橋梁の現存例として希少な土木遺産」であります。
飯沼水準原標石,関東+山梨・新潟,35.7322925,140.8402557,飯沼水準原標石は「オランダ人技師リンドにより設置され、日本水準原点の基となった本邦初の水準原標石で、近代測量の出発点となる重要な記念碑」であります。
わたらせ渓谷鉄道,関東+山梨・新潟,36.4335455,139.2774307,近代日本の産銅輸送の根幹を担った足尾鉄道草創期の息吹と情趣を伝える施設群で、地域コミュニティの要として継承される土木遺産である。
響橋,関東+山梨・新潟,35.5115646,139.662958,幻のオリンピックと呼ばれる第12回東京大会マラソン折返し地点に築造され、荘厳な橋梁デザインは当時の証左となる貴重な土木遺産である。
江連用水旧溝宮裏両樋,関東+山梨・新潟,36.1598824,139.9672971,江戸期に開設された灌漑用水の分水施設で、明治期に煉瓦造りに改築され、地域の貴重な歴史的資産として維持管理されてきた施設である。
南高橋,関東+山梨・新潟,35.6729665,139.7814893,昭和7年に架けられた都内最古の鋼鉄トラスの道路橋であり、本体に明治時代の旧両国橋の一部が使用されている貴重な土木遺産である。
信濃川 千手水力発電所施設群,関東+山梨・新潟,37.2947661,138.8062464,鉄道網の電化を目的として昭和初期に建造され、現在も鉄道輸送を支える施設群である。
小山樋門,関東+山梨・新潟,35.7780431,139.8965124,明治３１年に建設された３連アーチの煉瓦造水門で、千葉県内で現存する煉瓦造水門の中で最も古く、歴史的価値のある構造物である。
湘南港,関東+山梨・新潟,35.3002687,139.4838116,第18回オリンピック東京大会において築造され、市民に開かれた海洋文化の発展に大きく寄与し、五輪とともに歩む貴重な土木遺産である。
榎戸新田橋りょう,関東+山梨・新潟,35.6785014,140.2931625,明治初年から進められた新開地への鉄道の開設に伴い建造された県下最初期の煉瓦造アーチ橋で、地域開発の記念碑となる土木遺産である。
聖橋,関東+山梨・新潟,35.6997424,139.7654892,関東大震災の復興橋梁として、土木と建築各々の大家となった山田守と成瀬勝武の設計により建設された鉄骨コンクリートアーチ橋である。
京浜港ドック,関東+山梨・新潟,35.4681125,139.6378914,ドライドックとしての希少性の他、製作ケーソン数は同方式で国内最大であり、近代横浜港の整備に大きく貢献した土木遺産である。
ＪＲ上越線清水トンネル関連施設群,関東+山梨・新潟,36.8025164,138.9857683,トンネル掘削技術の進歩と貴重なループ線を今に伝え、谷川連峰を貫通して首都圏と日本海側を最短距離で結ぶ貴重な土木遺産である。
万内川砂防堰堤群・日影沢床固工群,関東+山梨・新潟,37.0145991,138.1786641,現地産の石を極めて精巧に組んで作られた石積構造の堰堤であり、周囲の自然と調和した美しさを持つ貴重な土木遺産である。
亀甲橋,関東+山梨・新潟,35.6968627,138.6857429,昭和8年に架橋された県内では珍しい3連の下路式アーチ鋼橋であり、秩父往還の要所として地域で親しまれてきた土木遺産である。
渡良瀬川橋梁,関東+山梨・新潟,36.2734078,139.5568758,英国製から米国製への移行期以降の輸入トラス2橋で、細身の鋼材の繊細さと煉瓦および石積による橋脚が歴史的風格を醸す土木遺産である。
砥川橋梁,関東+山梨・新潟,36.7708439,139.7133068,英国製から米国製への移行期以降の輸入トラス2橋で、細身の鋼材の繊細さと煉瓦および石積による橋脚が歴史的風格を醸す土木遺産である。
旧町屋変電所（里川水系水力発電所群）,関東+山梨・新潟,36.6070485,140.5380839,茨城県で最初に電源開発された水系にかかる発電所群で地域の近代化に貢献すると共に当時の建設技術を今に伝える貴重な土木遺産である。
中里発電所（里川水系水力発電所群）,関東+山梨・新潟,36.6180012,140.5415751,茨城県で最初に電源開発された水系にかかる発電所群で地域の近代化に貢献すると共に当時の建設技術を今に伝える貴重な土木遺産である。
玉川橋,関東+山梨・新潟,36.0097259,139.2949747,大正１０年に完成した清流・都幾川に架る埼玉県最初のＲＣアーチ橋であり、景観上も優れた貴重な土木遺産である。　
油壺験潮場,関東+山梨・新潟,35.1601565,139.6155396,油壺験潮場旧建屋は我が国の初期の測量技術を今に伝え、日本の標高の基準である「日本水準点」の管理に重要な役割を果たしてきた貴重な土木遺産です。
北用水樋門,関東+山梨・新潟,35.8692588,140.1832421,北用水樋門は、現存する茨城県最古の煉瓦造りの樋門であり、小貝川周辺地域で、当時盛んに行われた利水事業に関し、今に残る唯一の土木構造物です。
横浜港 ハンマーヘッドクレーン,関東+山梨・新潟,35.4568811,139.6426225,横浜港ハンマーヘッドクレーンは、我が国のクレーンによる荷役の先駆けとして堅固な基礎により建設以来百年以上も使用され、横浜港の基礎を築いた貴重な土木遺産です。
上毛電気鉄道,関東+山梨・新潟,36.4124871,139.1543934,上毛電気鉄道関連施設群は、地域の発展を支え、カスリーン台風の被害から早期に復旧し、地域の復興に寄与した歴史を今に伝える貴重な土木遺産です。
鬼怒川発電所　黒部ダム,関東+山梨・新潟,36.8690549,139.610034,鬼怒川発電所　黒部ダムは、大正期初頭に建造された本邦初の発電用重力式Cダムで、近代化を牽引した土木技術の精華を伝える、湾曲線が壮麗・重厚な土木遺産です。
村田川橋りょう,関東+山梨・新潟,35.5509429,140.117927,村田川橋りょうは、明治45年に米国から輸入し架設された国鉄東海道本線の大井川橋りょうから、昭和38年に転用し再架設した、歴史的な構造物です。
小河内ダム,関東+山梨・新潟,35.7896399,139.0510354,小河内ダムは、昭和３２年に完成した貯水容量約１億８５４０万m3を誇る国内最大の水道専用ダムであり、東京の安定給水を支える重要な土木遺産です。
千貫樋,関東+山梨・新潟,35.8627292,139.5952783,千貫樋は、２連のアーチ型煉瓦造樋管で県内に現存する同型施設は希少であり、当時の技術と工法を示す貴重な土木遺産です。
旧越路橋（旧浦村鉄橋）,関東+山梨・新潟,37.3911334,138.8070578,旧浦村鉄橋は、当初、鉄道橋として設置され、後に３つの道路橋として分割整備し、うち２橋は、120年以上現役で活躍している貴重な土木遺産です。
岩田橋（旧浦村鉄橋）,関東+山梨・新潟,37.375929,138.749287,旧浦村鉄橋は、当初、鉄道橋として設置され、後に３つの道路橋として分割整備し、うち２橋は、120年以上現役で活躍している貴重な土木遺産です。
不動沢橋（旧浦村鉄橋）,関東+山梨・新潟,37.3667388,138.7485615,旧浦村鉄橋は、当初、鉄道橋として設置され、後に３つの道路橋として分割整備し、うち２橋は、120年以上現役で活躍している貴重な土木遺産です。
日本水準原点と日本水準原点標庫,関東+山梨・新潟,35.6772263,139.747847,日本水準原点と日本水準原点標庫は、日本の高さ（標高）の基準として明治24年に陸地測量部により創設された原点標とそれを保護するための建築史上貴重な石造施設であります。
鹿島港整備関連施設群,関東+山梨・新潟,35.9517767,140.71227,鹿島港整備関連施設群は、鹿島臨海工業地帯の拠点である世界有数の掘込型の鹿島港の整備における厳しい自然との対峙や住民の思いを今に伝える貴重な施設です。
滝の鼻橋,関東+山梨・新潟,36.0066715,139.2423144,滝の鼻橋は、都幾川に架かる鋼製のワーレントラス橋梁であり、山型鋼をリベットで結合したトラスを用いている点が特徴の長さ２１ｍの橋です。
土合砂防堰堤,関東+山梨・新潟,36.8350578,138.9655652,土合砂防堰堤は、湯桧曽川に建設された群馬県初のアーチ式堰堤で、砂防を目的として谷川岳と一体となって景観を形成する貴重な土木遺産です。
丹那トンネル（旧熱海線鉄道施設群）,関東+山梨・新潟,35.1028138,139.025809,旧熱海線鉄道施設群は、大正から昭和にかけて建設され、関東大震災等幾多の災害を克服し、世界に誇る土木技術の歴史を今に伝える貴重な土木遺産です。
旧国鉄足利駅舎,関東+山梨・新潟,36.3321659,139.4560779,旧国鉄足利駅舎は、昭和初期建造の現役駅舎で現今の足利の礎を築いた交通・物流基盤施設であり、昭和モダンの風情と煌めきを留める歴史的建造物です。
寺坂橋,関東+山梨・新潟,36.2437059,139.1856772,寺坂橋は、現在利用されている道路橋としては埼玉県内最古の石造アーチ橋であり、竣工時の様相を残す橋として貴重な選奨土木遺産です。
鷺石橋,関東+山梨・新潟,36.6321745,139.0370722,鷺石橋は、群馬県に現存する鋼プラットトラス形式では、唯一のもので、谷川連峰を背景に利根川清流に調和の取れた景観をかもしだす土木遺産です。
表参道のケヤキ並木,関東+山梨・新潟,35.6675488,139.7074217,表参道ケヤキ並木道（赤坂杉並線）は、1921年に明治神宮の参道として整備され、ケヤキ並木を備えた広幅員街路のモデルとなった土木遺産であります。
日光いろは坂（第1・第2）,関東+山梨・新潟,36.727567,139.5198219,日光いろは坂（第1・第2）は、リゾート開発の萌芽期を支え、また本邦初の県営事業であるとともにわが国の先駆的観光道路の記念碑となる重要な土木遺産です。
佐伯橋,関東+山梨・新潟,35.5406272,138.8900827,佐伯橋は、山梨県内では数少ない戦前完成の上路式鋼ソリッドリブ・アーチ橋であり、都留市の歴史風景の一つとして親しまれる貴重な土木遺産です。
栃ケ原地すべり第１号集水井,関東+山梨・新潟,37.1940441,138.6461285,栃ケ原地すべり第１号集水井は、日本初の集水井として建設され、当該工法が全国に普及する契機となった貴重な土木遺産です。
横浜港新港埠頭関東大震災復興岸壁群,関東+山梨・新潟,35.4552747,139.6435405,横浜港新港埠頭関東大震災復興岸壁群は、関東大震災による壊滅的な被害を、大正12年11月から大正14年3月という短期間で復旧した、日本で初めての近代港湾復旧事業です。
秦野・曽屋水道施設群,関東+山梨・新潟,35.3789656,139.220821,秦野・曽屋水道施設群は、住民主体の簡易水道としては全国初めてであり、明治・大正、昭和と続く、我が国の水道技術の推移を今に伝える貴重な土木遺産です。
常盤橋,関東+山梨・新潟,35.6853572,139.770589,常盤橋は、関東大震災後に架設され、日本近代橋梁史、特に東京中小河川におけるデザイン思想に重要な役割を果たしている二連アーチの橋である。
足尾砂防堰堤,関東+山梨・新潟,36.676738,139.4405258,渡良瀬川上流域足尾の砂防堰堤群は、大規模な土石流災害の軽減・抑止を目的とした本邦最大級施設を含む砂防堰堤群で、環境を視点に未来への思考を誘う重厚な土木遺産です。
円上寺隧道,関東+山梨・新潟,37.645589,138.7875308,円上寺隧道は、日本最古級のコンクリート造の河川トンネルで、建設から100年以上経過する今も地域の防災に寄与し続ける貴重な土木遺産です。
東京電力リニューアブルパワー塔之沢発電所,関東+山梨・新潟,35.2331054,139.091379,塔之沢発電所と関連施設は、当時最新の発電設備や国産技術を多用するなど明治期における水力発電の基礎を作り、箱根の観光を支えてきた貴重な土木遺産です。
六郷水門,関東+山梨・新潟,35.5442541,139.7233026,六郷水門は、今もなお水門としての機能を保ち、多摩川改修工事や六郷用水の記憶を物語る地域のシンボルとなっており、貴重な土木遺産です。
栗尾沢砂防施設群,関東+山梨・新潟,36.0331755,138.9805478,栗尾沢砂防施設群は、大正５年に作られた当時の東日本では事例が少ない切石積の砂防堰堤など、 砂防事業の歴史や技術を今に伝える貴重な土木遺産です。
渡良瀬遊水地,関東+山梨・新潟,36.2190653,139.666808,渡良瀬遊水地は、河川の増水時に横溢する洪水を一時的に貯留するわが国最大級の治水施設で、建設と環境の両立を具現化した歴史的な土木文化遺産です。
豊海橋,関東+山梨・新潟,35.6774902,139.7866726,豊海橋は、関東大震災の復興事業で架橋された国内初の鋼フィーレンデール橋で、技術的に優れ景観に配慮した貴重な土木遺産です。
清水谷戸トンネル,関東+山梨・新潟,35.4354124,139.5587831,清水谷戸トンネルは、全国鉄道網へと広がる端緒となった現役最古の鉄道トンネルであり、建設時の煉瓦構造など明治期の鉄道技術を今に残す土木遺産です。
木曽川ケレップ水制群,中部,35.175929,136.6738174,デ・レーケの木曽三川改修事業の枢要である木曽川付替えを技術的に可能にした水制工<br>（戦前で最大規模の水制群）
美濃橋,中部,35.5522435,136.9104624,完成当時に最大級で、現在はわが国に現存する最古の吊橋
小牧ダム,中部,36.5567717,137.008141,完成当時東洋一の高さを誇った、アーチ曲面の美しい重力式ダム
大手橋,中部,35.850861,137.6985269,長野県技師 中島武の創意によって生まれた世界最初の鉄筋コンクリート・ローゼ桁の一群
姫川橋,中部,37.0252239,137.8461388,長野県技師 中島武の創意によって生まれた世界最初の鉄筋コンクリート・ローゼ桁の一群
親沢橋,中部,36.7549577,137.8971582,長野県技師 中島武の創意によって生まれた世界最初の鉄筋コンクリート・ローゼ桁の一群
昭和橋?,中部,36.4621979,138.1771393,長野県技師 中島武の創意によって生まれた世界最初の鉄筋コンクリート・ローゼ桁の一群
栄橋,中部,36.1638413,138.4865464,長野県技師 中島武の創意によって生まれた世界最初の鉄筋コンクリート・ローゼ桁の一群
大井川橋,中部,34.8316659,138.1453647,橋長1026.4m、17径間のトラス橋で、上下部工ともに当初の優れた姿をよく残し、戦前では同形式として最大級の道路橋
鬼ヶ城歩道トンネル（木本隧道）,中部,33.8947795,136.1119121,尾鷲地方の煉瓦トンネル群の一つで、よく整えられたデザインの抗門を備えた、大正期最長の道路用煉瓦トンネル
甚之助谷砂防堰堤群,中部,36.12957,136.7571463,近代以降荒廃の著しい白山から下流域を守り続ける、日本で最古級の階段式砂防堰堤群
稲生港石積防波堤,中部,34.7871864,137.1879716,大正９年の築造以来、数度の補修・増築を経ているものの、大部分は当時の姿を保っている。
安倍川橋,中部,34.9594758,138.3672355,中部５県で最古期の鋼トラス橋であり、ボーストリングトラスとして最大級の橋長である。橋門構中央の球形装飾も特徴的である。
木曽川・揖斐川導流堤,中部,35.024363,136.7237611,デ・レーケによる粗朶沈床工の導流堤であり、竣工から現在に至るまで河口部の河道維持に機能しており、旧堤体はそのままの姿をとどめている。
白川橋,中部,35.5793612,137.1864674,鋼補剛トラスによる３径間２ヒンジの吊橋で、主塔も鋼トラスからなる。現存する吊橋としては非常に珍しい鋼吊橋。
五厘堤,中部,36.7505635,137.4213609,のり面勾配を５厘として築かれ、大洪水により一部で壊れて修復されたが、ほとんど築堤当時の姿を残した明治期の石堤防
西天竜幹線水路円筒分水工群,中部,35.5437668,137.8681448,水田の面積に応じて決められた穴の数から各水路に正確な比率で水を配分するよう工夫された全国最大規模の円筒分水工群
明治用水旧頭首工,中部,35.0482541,137.1808408,近代的農業用堰堤の先駆けで、服部長七考案の人造石による大規模な堰堤の現存する唯一の例と云われている。
岩井橋,中部,35.159322,136.8928369,現存する鋼アーチ桁橋では、日本で２番目の古さを誇っており、側面にはアングル材を巧みに曲線加工した飾り板が施されている。
曽我浦片隧道（4号）,中部,35.0745001,139.0752499,国道１３５号に造られた片隧道であり、坑口が古典的なアールデコ様式で装飾された珍しい意匠の洞門である。
百々貯木場,中部,35.1079374,137.192899,開設当初の原形をほぼ遺している点においても希有な事例であり、河川中流域に完全な形で残る貯木場としては全国唯一である。
（廃）片平橋,中部,36.0314184,137.8773315,奈良井川を渡河しているＲＣ開腹アーチ（リブ＋柱）橋であり、現在は廃道になっているが、橋体が非常に美しいアーチ形状である。
七ヶ用水 大水門および給水口,中部,36.4372892,136.6323792,デ・レーケの指導の下で建設された高い石柱を持つ大水門と煉瓦巻きアーチの給水口であり、加賀平野を潤す七ヶ用水の要衝を担う。
ねじり橋（北勢線）,中部,35.1139011,136.5531174,供用中の数少ないコンクリートブロックアーチ橋であり、美しい曲線美を描き当時の技術水準の高さを示す貴重な構造物である。
めがね橋（北勢線）,中部,35.1138841,136.5506119,供用中の数少ないコンクリートブロックアーチ橋であり、美しい曲線美を描き当時の技術水準の高さを示す貴重な構造物である。?
柳河原発電所　跡曳水路橋,中部,36.7864109,137.6264391,RCアーチとして当時最大スパンの橋梁であり、水路を支える柱頂部の連続シャローアーチは当時の技術水準の高さを感じさせる。水路用の上路RCアーチ橋である。
六見橋,中部,35.8016366,137.2435342,鉄道（高山線）の開通後の昭和6年に鉄橋として架け替えられた六見橋は，近代温泉街下呂を実質的かつ象徴的に牽引した橋である。
松重閘門,中部,35.1540867,136.8917506,松重閘門は堀川と中川運河を連絡する通船路にあり，近代名古屋の産業発展過程を示す重要なランドマークとなっている。
清水灯台,中部,35.0106576,138.5304129,清水灯台は明治４５年に点灯した国内最初の鉄筋コンクリート構造の灯台である。
菅橋,中部,35.9210642,137.7730187,昭和初期の不況只中に木祖村の発展を期した村道改修事業の一部として建設された，木曽谷で初めての鉄筋コンクリート拱橋です。
名古屋市旧第一ポンプ所,中部,35.1835467,136.9554805,歴史的な建造物にとどまらず名古屋市水道のシンボルとしても親しまれており、名古屋の水道の歴史を物語る貴重な土木遺産です。
東山給水塔,中部,35.1733479,136.9547981,歴史的な建造物にとどまらず名古屋市水道のシンボルとしても親しまれており、名古屋の水道の歴史を物語る貴重な土木遺産です。
太田橋,中部,35.4367762,137.0327784,中山道の難所の一つである木曽川太田の渡し跡に架けられた単純ワーレントラス鋼橋で地域の発展を語るのに欠くことのできない存在です。
木曽川河跡湖（トンボ池）の聖牛,中部,35.365804,136.8292746,水制工の構造や設置状況が往事の姿のまま詳細に観察でき、治水技術の理解のためには非常に貴重な土木遺産です。
長篠発電所の堰堤と取水路,中部,34.9473022,137.5448588,明治時代に建設された水力発電施設の導水部であり、天然岩と人造石による取水路から余水が連続的に流れ落ちる特色のある姿が遺っている。
長良大橋,中部,35.3620737,136.6885067,昭和初期の失業対策事業として、岐阜・大垣間をつなぐ岐垣国道が建設された際に、要所とされた6連曲弦ワーレントラス橋がほぼそのまま遺っている。
手取川霞堤,中部,36.3799241,136.6071287,手取川の扇状地上に築かれた前近代の治水技術を伝える大規模で貴重な土木遺産であり、見事な不連続堤を遺している。
鹿島橋,中部,34.8540937,137.8055636,鹿島橋は、現存する戦前の最大スパンの上曲弦カンチレバートラスで、遠州南北の要衝にあり、いまでも天竜路の入り口として役割を果たす橋であります。
千垣橋梁,中部,36.5735675,137.376543,千垣橋梁は、常願寺川の県営電源開発事業の一環として、小池啓吉の設計により架けられた鋼スパンドレルブレーストアーチの美しい鉄道橋であります。
戸草隧道（信越本線トンネル群）,中部,36.7878775,138.229699,信越本線トンネル群は、明治期に信越本線長野関山間に建設された大廻、戸草、坂口新田の３つのトンネルで、煉瓦と切石で組まれた大変貴重な土木遺産であります。
嫌谷砂防堰堤群,中部,35.700916,137.3857157,嫌谷砂防堰堤群は「明治初期の巨石の空石積みによる砂防施設で、延長300mに渡り床固工、床止工とともにほぼ完全な形で現在にのこる貴重な土木遺産」であります。
旧稲葉地配水塔,中部,35.1663855,136.8454372,旧稲葉地配水塔は「16本の支柱に囲われた独特のフォルムを持つ配水塔で、戦後には図書館、演劇練習館へと転身して有効活用される稀有な土木遺産」であります。
南向発電所取水堰堤,中部,35.7033564,137.9573536,南向発電所取水堰堤は「昭和初期に11km離れた水力発電所へ導水するために建設された、ローリングゲートと調和するゲートピアが個性的な堰堤」であります。
庄内用水元杁樋門,中部,35.2142516,136.933893,庄内用水元圦樋門は「明治初期に用水と舟運のために開削された水路の取水施設で、明治末期に人造石工法で改築された貴重な樋門」であります。
蔵造川水路橋,中部,36.0700473,137.9774284,蔵造川水路橋は「明治時代の鉄道建設に伴い建造された跨線水路橋で、現存する非常に貴重な煉瓦アーチ橋」であります。
向野橋,中部,35.1587927,136.8762072,明治期に京都保津峡に架けられた当時最大スパンの典型的米国製トラス橋が、昭和初期に跨線橋として移設転用された希少な土木遺産である。
名古屋港跳上橋,中部,35.0935882,136.8876786,昭和初期に名古屋港内に設けられた鉄道可動橋で、日本に現存する数少ない近代跳開橋の１つである。
宮川堤公園,中部,34.4927043,136.6860169,近世に伊勢の地を守るため築かれた宮川下流右岸の堤防で、本堤と刎出しと堤外植樹等で構成された現代にも治水上機能する土木遺産である。
三重高等農林學校農場の給水井戸,中部,34.7436669,136.522332,三重大学農学部の前身である三重高等農林學校の設立後に農場の土地改良のために教官と学生が協力して整備した灌漑施設である。
緑橋防潮水門,中部,33.8221578,136.0527293,熊野灘に注ぐ市木川の河口部分に建設された防潮堤と橋を兼ねた、石材と煉瓦による構造物で、高潮被害から地域を守り続けた施設である。
駿府御囲堤（薩摩土手）,中部,34.9885257,138.370152,徳川家康による駿府城拡張工事に伴い，駿府の町を安倍川の洪水から守るために設置され、今でも洪水防御機能を有した貴重な御囲堤である。
往生地浄水場,中部,36.6618552,138.1792284,長野市の水道創設事業で建設された市内最古の浄水場であり、後の水道普及に大きく貢献し、建設後100年経った今も稼働する施設である。
宇津ノ谷隧道群（明治・大正・昭和）,中部,34.9333293,138.3031425,宇津ノ谷隧道群は、ひとつの峠において、日本で2番目にできた明治の近代隧道をはじめ、大正、昭和の各時代にそれぞれ建設された３つの隧道です。
上麻生発電所取水堰堤,中部,35.5634638,137.1852309,上麻生発電所取水堰堤は、大正末期以降の濃尾の電力需要に対応して建設された、日本現存最古のローリングゲートの美しい発電用取水堰堤です。
御成橋,中部,35.0960919,138.8591127,御成橋は、昭和初期に沼津市街地から伊豆の遊覧地へ向かう観光道路の象徴的地点として再建されたバランストタイドアーチの鋼橋です。
辰巳用水,中部,36.5601215,136.6590295,辰巳用水関連施設群は、小立野台地系を巧みに利用した隧道と開渠・暗渠によって金沢城内外を潤す水路と、横穴・管理道・伏越・専用水路などの関連施設群です。
上蔵砂防堰堤,中部,35.5428678,138.0574108,上蔵砂防堰堤は、戦後に花崗岩切石の丁寧な練石積みにコンクリートを充填して全て人力で造られた大規模なアーチダム本堤とその副ダムの砂防施設です。
忠節橋,中部,35.4326827,136.749481,忠節橋は、岐阜市街地への重要なアクセス部に、河川大改修と戦争が終結するや否や建設された象徴的なブレーストリブバランストアーチ鋼橋です。
揖斐大橋,中部,35.3610226,136.6580303,揖斐大橋は、岐阜・大垣間をつなぐ岐垣国道が失業対策事業として建設された際に、長良大橋とともに建設された6連曲弦ワーレントラス橋です。
黒部ダム,中部,36.5664499,137.6621042,黒部ダムは、戦後の電源体制を支えた水力発電所用の大規模貯水施設であり、トンネル、軌道など関連施設を含め、難工事を経て完成した土木遺産です。
狩野川放水路,中部,35.0454789,138.920153,狩野川放水路は、狩野川流域の水害防止のために建設省が三大放水路の一つとして施設した人工水路で、一部トンネル構造を有する治水の要となる施設です。
中川運河,中部,35.1250669,136.8768733,中川運河は、名古屋の工業地において港湾と鉄道を連絡する主要動線を確保するため都市計画事業で建設され、経済発展を支えた重要な土木遺産です。
五六閘門,中部,35.376858,136.6772731,五六閘門は、牛牧輪中における下流からの逆水を防ぐ明治末に竣功した人造石構造の樋門で、後代のより広域な治水にも機能している貴重な遺産です。
東山円筒分水槽,中部,36.809734,137.459969,東山円筒分水槽は、永年水不足に悩まされてきた片貝川流域へ合理的かつ公平に分水するため川を潜るサイフォン終端に設けられた美しい円形の分水施設です。
彩雲橋,中部,35.388913,136.9404378,彩雲橋は、昭和初期の犬山城附近の観光開発の中で木曽川へ流れ込む郷瀬川上に架けられた鉄道レールを用いた瀟洒な2連アーチ橋です。
殿橋,中部,34.9553106,137.1640428,殿橋は、乙川に架かる12径間連続RC桁橋で、昭和2年竣工以来補修を加えながらもスレンダーな形姿を保つ岡崎市街のシンボル的遺産です。
山川橋,中部,35.4845812,137.0733005,山川橋は、川辺ダム建設に際して昭和12年にダム湖に架けられたゲルバー式RCラーメン橋で、永年地域で愛されてきた土木遺産です。
豊川放水路,中部,34.7854483,137.3518467,豊川放水路は、豊川の洪水被害を軽減するために戦後に建設された、我が国を代表する放水路の一つです。
中川橋,中部,35.0967744,136.8768721,中川橋は、中川運河とともに竣工したブレーストリブタイドアーチ橋で、平成末に「横取り工法」で改修して次世代へつながれた貴重な土木遺産です。
波切の石積構造物群,中部,34.2785973,136.8998752,波切の石積み構造物群は、当地の石工たちが整備した漁港や集落の石積みであり、大王崎を含む波切のまちの発展を支えた貴重な土木遺産です。
阪急大宮駅と大宮・西院間の地下線路,関西,35.0036079,135.7479299,阪急・京都線の大宮駅〜西院駅間の地下線路区間<br>（東京の銀座線に次いで全国で２番目、関西最初の地下路線）
桜宮橋,関西,34.6975371,135.5229241,第一次大阪都市計画事業によって大川・中之島一帯に架けられた５橋<br>（当時最大スパンの鋼アーチ、戦前の三大カンティレバー橋の一つ、景観に配慮した三連アーチ、戦前では珍しいデザインの一般公募の優勝作品）
天満橋,関西,34.6913228,135.5174856,第一次大阪都市計画事業によって大川・中之島一帯に架けられた５橋<br>（当時最大スパンの鋼アーチ、戦前の三大カンティレバー橋の一つ、景観に配慮した三連アーチ、戦前では珍しいデザインの一般公募の優勝作品）
天神橋,関西,34.7028726,135.5116424,第一次大阪都市計画事業によって大川・中之島一帯に架けられた５橋<br>（当時最大スパンの鋼アーチ、戦前の三大カンティレバー橋の一つ、景観に配慮した三連アーチ、戦前では珍しいデザインの一般公募の優勝作品）
大江橋,関西,34.6946829,135.5011552,第一次大阪都市計画事業によって大川・中之島一帯に架けられた５橋<br>（当時最大スパンの鋼アーチ、戦前の三大カンティレバー橋の一つ、景観に配慮した三連アーチ、戦前では珍しいデザインの一般公募の優勝作品）
淀屋橋,関西,34.6929829,135.501011,第一次大阪都市計画事業によって大川・中之島一帯に架けられた５橋<br>（当時最大スパンの鋼アーチ、戦前の三大カンティレバー橋の一つ、景観に配慮した三連アーチ、戦前では珍しいデザインの一般公募の優勝作品）
蹴上発電所,関西,35.0085134,135.7910506,明治の日本を代表する国家的大事業に関連して造られた、三箇所の優れた水力発電所
夷川発電所,関西,35.0157334,135.7753125,明治の日本を代表する国家的大事業に関連して造られた、三箇所の優れた水力発電所
墨染発電所,関西,34.9456138,135.7667349,明治の日本を代表する国家的大事業に関連して造られた、三箇所の優れた水力発電所
南郷洗堰,関西,34.9393869,135.9102582,改良工事の一環として築造された戦前期最大の32連煉瓦・石造角落洗堰
旧神戸外国人居留地 下水渠,関西,34.6880786,135.1934573,国産煉瓦を用いた横浜と並ぶ国内最初期の近代下水渠
柳ヶ瀬隧道碑,関西,35.6026921,136.179661,明治１７年完成当時日本最長（１３５２m）で、黎明期の技術進歩に大きく貢献した。今も使用中では２番目に古いトンネルである
友ヶ島砲台群,関西,34.2801549,135.0063545,フランス式布陣の５箇所の砲台から成り、発電施設など当時の最先端科学技術の粋を結集し、それを今に伝える貴重な文化財である
三国港エッセル堤,関西,36.2206925,136.1346237,設計エッセル、施工デ・レーケによる粗朶沈床工の防波堤で、水制とともに導流機能も果たした明治初期を代表する港湾施設である。
梅小路蒸気機関車庫,関西,34.986757,135.7425726,大正３年設置以来、日本の近代化と復興・成長を支えた蒸気機関車の歴史を伝え、動態保存された世界最大級の蒸気機関庫である。
オランダ堰堤,関西,34.967798,135.993623,明治１５年デ・レーケ指導田邊義三郎設計とされる切石布積みアーチ式堰堤。関西治水史上重要な淀川水源地田上砂防施設群の一つ。
御堂筋,関西,34.6719433,135.5003423,第一次都市計画事業で造られた大阪の都市軸である御堂筋は、道路インフラ整備のプロトタイプとして位置づけられる。
御坂サイフォン,関西,34.7903135,135.0558288,イギリス人パーマー設計による日本初のサイフォン橋で、完成から現在に至るまで淡河川疎水の一部として東播磨台地を潤している。
東山トンネル,関西,34.988871,135.7904776,大正10年に両トンネルを経由する大津〜京都間の新ルートが完成し、勾配緩和、曲線改良により、輸送力と速度の向上に貢献した。
新逢坂山トンネル,関西,35.0007573,135.8492232,大正10年に両トンネルを経由する大津〜京都間の新ルートが完成し、勾配緩和、曲線改良により、輸送力と速度の向上に貢献した。
龍之渡井,関西,34.2830928,135.4482764,紀伊平野の田畑を潤す小田井用水の主要施設で、現在も当時のまま使用されている煉瓦（三和土混合）アーチ造りの水路橋である。
武庫大橋,関西,34.7318152,135.3797951,当時最大級（6連）のＲＣ開腹アーチ橋で、開腹部はアーケード状、また装飾的なバルコニーを有する道路橋である。
安治川トンネル,関西,34.6789678,135.4674162,戦前唯一の道路用河底トンネルで、日本最初の沈埋トンネル工法によって建設された。現在も歩行者のみではあるが使用されている。
王子橋,関西,34.9905117,135.6259503,田邊朔郎設計の石造アーチ橋で、輪石と壁石が夫婦天端で一体化した非常に珍しい構造形式をもつ道路橋（現在は人道橋）である。
毛馬閘門,関西,34.7210894,135.5171255,明治時代の淀川改修の主要施設で、大阪市内の洪水防御、ならびに淀川本流と旧淀川間の舟運の確保に資した施設群である。
心斎橋駅舎他、御堂筋線の地下駅群,関西,34.6750572,135.5003772,半楕円アーチ型の構造により高い天井と柱のないプラットホームが可能となって広大な空間をつくり出し、照明器具や壁の色彩の工夫も加わって、開放的な地下空間として市民に親しまれている。
上田池堰堤(土木学会選奨土木遺産),関西,34.2722844,134.8033431,農業土木技術者による初めての粗石モルタル工法による堰堤であり、切石布積が美しい。地域の用水確保に重要な役割を果たしてきている。
七条大橋,関西,34.9893055,135.7672013,黎明期のＲＣアーチの中で群を抜いて巨大であり、鴨川筋において明治期の意匠を残す唯一の橋として貴重な施設である。
両橋,関西,35.19959,135.2589614,支間の大アーチが印象的で、拱腔部の小さな連続アーチ、そして高欄にもアーチが組み合わされた姿が意匠に優れた、山陰街道の名橋である。
平木橋,関西,34.7647785,134.8617422,二重配置の輪石、煉瓦壁石造の水路橋で拱矢比1/5の優美な造形に加えて、全国的に希有な英文扁額をもつ貴重な施設である。
鎧えん堤,関西,34.9296974,135.9626888,瀬田川砂防初期の歴史的な砂防堰堤であり、石積みも階段状の珍しい積み方で造形的にも美しく、現在でも現役の砂防堰堤である。
本町橋,関西,34.6845421,135.5104638,橋脚に施されたエンタシスの石柱を模した飾りや上部のバルコニーなどの意匠に富む大阪市内で最古の橋である。
三栖閘門,関西,34.9233722,135.756325,大阪と京都を結ぶ重要な輸送手段であった舟運を確保し、経済・文化の発展に大きく寄与した。
宇治発電所,関西,34.8909234,135.8121667,大正初期に全長約11kmの導水路とともに建設された、国内最大規模の発電量を誇る電力飛躍時代の水路式水力発電施設である。
鐘ケ坂隧道(初代),関西,35.1201941,135.1168494,鐘が坂峠にあるわが国最古（明治16年）のレンガ積み道路トンネルであり、地元の人々の寄付をもとに築造され地域振興に役立てられた。
湊川隧道,関西,34.68119,135.159513,明治期の水路トンネルの構造や河川改修事業のあゆみを現代に伝える貴重な土木遺産です。
旧奈良駅舎,関西,34.6817465,135.8197741,和洋折衷である帝冠様式を持ち、近代の鉄道事業と市民、ひいては多くの工学分野を結ぶ象徴的な役割を担ってきたターミナル鉄道駅です
中古沢橋梁,関西,34.259689,135.5539293,高野山に至る50パーミルの急勾配の難所に架けられたトラス構造とトレッスル橋脚とを組み合わせた希少な形式の鉄道用鋼橋です。
浜中津橋,関西,34.7112887,135.4882594,わが国初の鉄道橋に架設されたポニー型ワーレントラス桁を当時の形をほぼ残しつつ現在も道路橋として供用している貴重な土木遺産である。
堀川第一橋,関西,35.0249976,135.7519975,全国的にも非常に稀な石造真円アーチ橋であり、御所と二条城を結ぶ公儀橋を永久橋として架替えた京都の時代を映す貴重な土木遺産である。
緑地西橋,関西,34.7115826,135.5686061,緑地西橋は、旧心斎橋として架けられたドイツ製錬鉄造ボウストリングトラス橋を移設した国内現存最古の鉄橋で、主構は当時の原型を残す貴重な施設であります。
大河原発電所,関西,34.7685812,135.9953542,大河原発電所と大河原取水堰は、木津川の蛇行を利用した水路式（流込み式）水力発電施設で、堤高最大の発電用坊主堰堤、隧道等が一体となって当初の姿を残す施設であります。
大河原取水堰,関西,34.7630316,136.005637,大河原発電所と大河原取水堰は、木津川の蛇行を利用した水路式（流込み式）水力発電施設で、堤高最大の発電用坊主堰堤、隧道等が一体となって当初の姿を残す施設であります。
薬水拱橋,関西,34.4049521,135.7429761,薬水拱橋は、アーチ橋側面を門として捉え、独特の扁額や煉瓦による格子帯に意匠面の工夫を施し、壁柱にバットレス補強された類例少ない鉄道橋であります。
十郷橋,関西,36.1622649,136.2362768,十郷橋は、国内初のポストテンション方式を採用した現存最古のプレストレストコンクリート造の道路橋で、我が国のPC構造物の礎を築いた橋であります。
旧余部橋梁,関西,35.6492469,134.5585088,旧余部橋りょう（余部鉄橋）は「明治末期に東洋一の橋りょうとして建設され、また適切な補修により1世紀にわたりほぼ建設当時の姿を残した貴重な土木遺産」であります。
砂山池揚水機場,関西,35.2073973,136.2410865,砂山池・龍ケ池揚水機場は「琵琶湖東岸の農業発展に寄与した日本で最初期の蒸気ポンプによる地下水くみ上げ施設で現在も電動で稼働している貴重な土木遺産」であります。
龍ケ池揚水機場,関西,35.2012483,136.2380137,砂山池・龍ケ池揚水機場は「琵琶湖東岸の農業発展に寄与した日本で最初期の蒸気ポンプによる地下水くみ上げ施設で現在も電動で稼働している貴重な土木遺産」であります。
旧北陸本線トンネル群,関西,35.6626301,136.1062585,旧北陸本線トンネル群は「旧北陸本線の最大の隘路であった敦賀・今庄間で建設されたトンネル群であり、現在も道路として機能する貴重な土木遺産」であります。
小刀根トンネル,関西,35.6028349,136.1367136,小刀根トンネルは「日本人技術者による国内２例目の鉄道トンネルであり、また建設当時の姿を留めるものとしては国内最古の鉄道トンネル」であります。
由良川橋梁,関西,35.51085,135.2879514,由良川橋りょうは、「建設当時国内最多径間を誇るコンクリート橋脚の鈑桁橋梁であり、築後90年を経るも保存状態が極めて良好である貴重な土木遺産」であります。
市原人道橋 /(旧 市原橋),関西,35.088561,135.7632397,市原人道橋／(旧　市原橋)は、「明治末期に架設された鉄骨コンクリートアーチ橋であり、国内に現存する鉄筋コンクリートアーチ橋の先駆けとして貴重な土木遺産」であります。
百寿橋,関西,34.6490723,135.7824874,地元住民の寄付を受け、郡山城中堀に架けられたRC橋で、特徴的な高欄等をもち、域内道路として活用されている貴重な土木遺産である。
国鉄五新線 江出〜阪巻(宗川橋梁),関西,34.2638571,135.7460485,紀伊山地を鉄道で貫く大構想に駈けた先人の志を未来に語り継ぎ、沿線住民にも親しまれている貴重な土木遺産である。
樫野埼灯台,関西,33.4714639,135.8615922,英国技師ブラントンによる石造洋式灯台であり、地元古座川産の宇津木石を用いたわが国初の回転式洋式灯台である。
旧奈良市水道計量器室（奈良市水道関連施設群）,関西,34.6965224,135.8350669,意匠的特長に富む高地区配水池，奈良阪計量器室などいずれも創設時の姿を残し、一部は店舗に転用され現存する貴重な水道遺産群である。
鵬雲洞,関西,34.161162,135.1909019,交通の難所、船尾山を貫通すべくそれぞれ路面電車軌道及び県道の一部として開削され、紀州青石を用いた秀逸な意匠をもつ土木遺産である。
毛見隧道,関西,34.1607145,135.1892003,交通の難所、船尾山を貫通すべくそれぞれ路面電車軌道及び県道の一部として開削され、紀州青石を用いた秀逸な意匠をもつ土木遺産である。
前河原橋梁,関西,35.3300686,136.2894976,独自規格の煉瓦によって構築され、スプリングラインに石材の挿入された特徴的構造をもつ歴史的鉄道橋である。
竹野川橋りょう,関西,35.6306805,134.7578981,国内で３連現存するラチス桁のうちの２連であり、架設当時の橋梁工事事情を現代に伝える貴重な土木遺産である。
田君川橋りょう,関西,35.6192731,134.4635958,国内で３連現存するラチス桁のうちの２連であり、架設当時の橋梁工事事情を現代に伝える貴重な土木遺産である。
後藤川避溢橋（大阪京都間鉄道煉瓦拱渠群）,関西,34.84444,135.6051373,本区間内（明治10年全通）に設けられた煉瓦造の鉄道橋及び隧道群であり、欠円アーチやねじりまんぽなどの特徴をもつ土木遺産群である
門ノ前架道橋（大阪京都間鉄道煉瓦拱渠群）,関西,34.8251851,135.5719278,本区間内（明治10年全通）に設けられた煉瓦造の鉄道橋及び隧道群であり、欠円アーチやねじりまんぽなどの特徴をもつ土木遺産群である
老ヶ辻三連橋（大阪京都間鉄道煉瓦拱渠群）,関西,34.9174386,135.6979349,本区間内（明治10年全通）に設けられた煉瓦造の鉄道橋及び隧道群であり、欠円アーチやねじりまんぽなどの特徴をもつ土木遺産群である。
金慶橋,関西,34.7962888,135.25898,戦後の有料道路に架設された道路橋であり、構造用強度材としてアルミニウム合金が使用された貴重な土木遺産である。
阪堺電気軌道,関西,34.5989706,135.4887287,阪堺電気軌道と関連施設群は、現在も稼働する明治中~末期に整備された路面電車と、その沿線の大和川橋梁、住吉駅など戦前の秀逸な土木遺産により構成される貴重な土木遺産です。
阪神高速 震災資料保管庫（阪神・淡路大震災による被災構造物群）,関西,34.710325,135.2930427,平成7年1月17日に発生した兵庫県南部地震により、神戸市内の被害を受けた主要な被災構造物の保存を通じて、震災の記憶を語り 続けるため、これら遺構を土木遺産とするものである。
中之島Ｓ字橋,関西,34.6926982,135.4953249,中之島S字橋は、周辺の橋梁との関係性も重視し景観に配慮されているほか、 初期の曲線桁橋として解析理論の実用化を図った例であり、 その後の橋梁技術の発展の礎となった貴重な土木遺産です。
江埼灯台,関西,34.6064454,134.9934362,江埼灯台は、英国人技師ブラントンの設計により建設された日本で8番目に建設された洋式灯台で、現存する灯台のうち、 3番目に古い石造りの灯台です。
近鉄道明寺線鉄道構造物群,関西,34.5677789,135.620072,近鉄道明寺線鉄道構造物群は、開業以来120年が経過した現在も、開業当初の鉄道構造物が現役で使用され、なおかつ良好に存在する貴重な土木遺産です。
業平橋,関西,34.7314785,135.3025783,業平橋は、大正期からの長きにわたって東西交通を支え、意匠的にも優れているとともに、 時代に応じた改修を加えつつ昔の面影を保ちながら現在に至る貴重な土木遺産です。
賀茂川・鴨川河川構造物群,関西,35.0296419,135.7716504,賀茂川・鴨川河川構造物群は、戦前に景観に配慮し設計され、我が国有数の河川景観と親水空間創出に貢献した、貴重な土木遺産です。
嵯峨野観光鉄道の構造物群,関西,35.0258439,135.6460932,嵯峨野観光鉄道の構造物群は、京都鉄道の敷設に際して建設されたもので、格調高い意匠性とともに、観光資源としても活用されている優れた土木遺産です。
関西本線三郷〜河内堅上間橋梁群,関西,34.5792194,135.669444,関西本線三郷〜河内堅上間橋梁群を構成する第3大和川橋梁と第4大和川橋梁は、大規模な地すべり地を迂回するために特異な架構形態を採用した希少な鉄道構造物です。
戦前竣工の京都市児童公園群,関西,35.0445166,135.7538308,戦前竣工の京都市児童公園群は、軸線配置された施設群（特徴的なラジオ塔，水呑み場など）がヴィスタを形成し、地域市民に親しまれ続けてきた貴重な土木遺産です。
平野橋,関西,34.68752,135.509689,平野橋は、第一次都市計画事業で東横堀川に架けられた橋梁群の1つで、世界で初めて逆ランガー形式を採用して洗練された意匠を実現した土木遺産です。
逆瀬川の砂防設備,関西,34.7932007,135.3448483,逆瀬川の砂防設備は、赤木正雄によるわが国で最初の流路工の事例であり、その後の補修においても当初のデザインをよく踏襲した優れた土木遺産です。
七川ダム,関西,33.5919432,135.6878819,七川ダムは、常用洪水吐きに国内最古の高圧スルースゲートを設置した多目的重力式コンクリートダムで、戦後のダム史上極めて価値ある土木遺産です。
大砂川トンネル,関西,34.989104,136.1019561,大砂川トンネルは、天井川である大砂川をくぐる石・煉瓦造の鉄道トンネルで、川越えの苦労、明治の鉄道交通の近代化などを象徴する貴重な土木遺産です。
琵琶湖疏水鴨川運河施設群,関西,34.9869361,135.7681991,琵琶湖疏水鴨川運河施設群は，橋梁などが群として存在する独特の景観を造り出しているところに大きな特徴がある土木遺産です。
上津屋橋,関西,34.8681217,135.7478944,上津屋橋は、わが国で屈指の大規模な木造流れ橋で、コスト縮減を図りつつ風情ある景観を保つ取り組みが続けられている優れた土木遺産です。
ビル・高架道路・地下鉄駅の一体整備（船場センタービル、大阪市道築港深江線、阪神高速道路、Osaka Metro中央線本町駅・堺筋本町駅）,関西,34.6818429,135.5040868,小規模な専門卸売店が密集する船場地区で、店舗ビルと高架道路・地下鉄駅を一体整備するという卓抜したアイデアを実現した施設です。
狭山里道架道橋（南海電鉄煉瓦造暗渠群）,関西,34.5115582,135.5529886,南海電鉄高野線狭山〜大阪狭山市駅間の開通時に整備された煉瓦造暗渠群。稀少なねじりまんぽ等が残り地域にも親しまれています。
東除川暗渠（南海電鉄煉瓦造暗渠群）,関西,34.5060345,135.5570301,南海電鉄高野線狭山〜大阪狭山市駅間の開通時に整備された煉瓦造暗渠群。稀少なねじりまんぽ等が残り地域にも親しまれています。
阪急電鉄神戸市内線高架橋,関西,34.706336,135.2150467,阿部美樹志が設計したRC高架橋で、優美な曲線をもつ洗練された造形と阪神・淡路大震災にも耐えた堅牢さを備えます。
姫路市営モノレール線 大将軍駅跡,関西,34.828887,134.6841203,博覧会会場の手柄山中央公園〜姫路駅間1.6kmを結んだ全国初となる市営モノレールの遺構群。戦後姫路の躍進と大志の結集体。
荒船浄水場（豊岡市水道の創設期施設）,関西,35.6308642,134.7950789,旧城崎町と旧豊岡町の上水道創設期に建設された築百年を迎える施設であり、当時の温泉産業、生活衛生に貢献した土木遺産です。
笹生川ダム,関西,35.8431142,136.5465889,三次元的応力解析法によるダム本体の構造設計により、安全性の確保とダム堤体積の最小化を実現させた我が国最初のダムです。
生駒山上遊園地飛行塔,関西,34.6789159,135.6786405,生駒鋼索線と生駒山上遊園地飛行塔は、わが国私鉄に見られる観光施策を証示する最古の施設であり、先例のない中で独自に開発したものとして貴重な現役の土木遺産です。
津守下水処理場,関西,34.6427949,135.4816747,津守下水処理場１系水処理施設は、稼働当初の躯体構造を維持しつつ、80年以上に渡り家庭や工場などから排出される汚水を処理し続けている貴重な現役の土木遺産です。
谷瀬の吊り橋,関西,34.1013361,135.7627854,谷瀬の吊り橋は、安全安心を希求する地区住民の思いにより建設され、その後60年以上にわたり供用され続け、現在は観光資源となっている土木遺産です。
琵琶湖第１疏水,関西,35.0120774,135.857419,琵琶湖疏水（第１、第２、分線ほか）は、明治期に建設され、多目的利用によって京都の近代化に大きく貢献し、技術や意匠の質も高く、不動の歴史的価値を有する土木遺産です。
琵琶湖疏水 第2竪坑,関西,35.0003035,135.8364419,琵琶湖疏水（第１、第２、分線ほか）は、明治期に建設され、多目的利用によって京都の近代化に大きく貢献し、技術や意匠の質も高く、不動の歴史的価値を有する土木遺産です。
関西本線木津川橋りょう,関西,34.7651193,135.9664556,関西本線木津川橋りょうは、明治時代に架けられた橋梁を、適切な補強や更新により長寿命化を実現した点で、優れた事例として顕彰すべき施設です。
成相池堰堤,関西,34.2710921,134.8185347,旧成相池堰堤は、渇水時の農業用水確保のため建造された粗石モルタル造の重力式ダムで、先人の水確保の努力を後世に伝える貴重な土木遺産です。
和田旋回橋,関西,34.6602722,135.1671264,和田旋回橋は、日本初かつ最古の鉄道用可動橋であり、当初の架設地点に供用され続け現在も地元住民により積極的に活用されている貴重な土木遺産です。
横山隧道,関西,35.3751717,136.3355677,村田 鶴が湖北地方に残した隧道群は、材料特性から煉瓦とコンクリートを使い分ける秀逸な設計が施され、格式高い意匠とともに永年にわたり地域交通に貢献した土木遺産です。
谷坂隧道,関西,35.4608521,136.3171548,村田 鶴が湖北地方に残した隧道群は、材料特性から煉瓦とコンクリートを使い分ける秀逸な設計が施され、格式高い意匠とともに永年にわたり地域交通に貢献した土木遺産です。
揖保川畳堤,関西,34.8709077,134.5517284,揖保川畳堤は、眺望への配慮など住民の意見が反映された特殊堤で、住民の防災意識の高さが結実した貴重な現役の土木遺産です。
大手前配水場,関西,34.6858251,135.5214589,大阪市の大手前配水場、柴島浄水場取水塔及び旧第１配水ポンプ場は、わが国の近代水道創設・拡張を象徴する貴重な土木遺産です。
柴島浄水場・取水塔,関西,34.7321172,135.5194513,大阪市の大手前配水場、柴島浄水場取水塔及び旧第１配水ポンプ場は、わが国の近代水道創設・拡張を象徴する貴重な土木遺産です。
春日野道 桜橋,関西,35.8195655,136.101238,春日野道 桜橋は、福井県の成立期に嶺南と嶺北を結ぶために建設された春日野道の構造物のうち、特に良好に保存された土木遺産です。
高野山森林軌道の遺構群,関西,34.2769005,135.5652477,高野山森林軌道の遺構群は、わが国で最初の森林軌道をルーツとし、その後の産業発展に貢献した森林軌道の盛衰を記録する歴史の証人として重要な土木遺産です。
南海本線紀ノ川橋梁,関西,34.245083,135.1720627,南海本線紀ノ川橋梁は、明治期と大正期のトラス橋が上下線に並ぶ現役の鉄道施設であり、橋梁技術の進展や維持管理の重要性を伝える貴重な土木遺産です。
箱ケ瀬橋（夢のかけ橋）,関西,35.8741464,136.7519515,箱ヶ瀬橋は、下津井瀬戸大橋をはじめ日本の長大吊り橋建設に寄与し、「夢の架け橋」と呼ばれ親しまれている現役の土木遺産です。
不動川砂防歴史公園,関西,34.7851053,135.8348115,不動川砂防歴史公園の砂防設備群は、明治初期のデ・レーケの手による現役の堰堤と関連施設であり、市民に愛される土木遺産です。
摩耶大橋,関西,34.6943355,135.216568,摩耶大橋は、当時前例のない１本主塔の斜張橋であり、摩耶埠頭と新港突堤を結んで、神戸港の発展に寄与した貴重な現役の土木遺産です。
神戸大橋,関西,34.6784067,135.2037466,神戸大橋は、我が国最初のダブルデッキ構造を有する橋梁であり、新港第４突堤とポートアイランドを結び神戸港の発展に寄与した現役の土木遺産です。
京橋,中国,34.6581751,133.9322493,鋼管柱橋脚を有する唯一かつ最古級の大型鋼Ｉ桁橋<br>（明治・大正期の鋼桁の雰囲気をこれほど残した橋は他にない）
惣郷川橋梁,中国,34.5877256,131.5560649,波打ち際に美しい曲線を描く、景観に優れた鉄道用のＲＣラーメン橋
三滝ダム,中国,35.2716485,134.3329317,日本でつくられた最後のバットレスダムとして立体和風格子の貴重な扶壁の姿を今も残すもの
神龍橋,中国,34.847318,133.224925,戦前に架設された道路用の単純トラス橋としては、最長スパンを誇り、今も帝釈峡において活用されているもの
東西用水酒津樋門,中国,34.6136554,133.7503541,大正13年に完成し、取水樋門・南配水樋門・北配水樋門からなり、現存し今も活用されている水門としては国内最大級のもの
千本堰堤,中国,35.419523,133.045481,大正7年に竣工した山陰初の近代水道施設であり、外観は御影石で覆われた重厚な雄姿を持ち、今も活用されているもの
若桜橋,中国,35.3388928,134.4028489,鬼ヶ城の山々に映える３連の美しいヴォールト・アーチ橋
牛島 藤田・西崎の波止,中国,33.8593223,132.0067724,利用者により結成された協同組合の自主施工で、昭和初期まで組合が運営。牛島独特の個人持ちの波止場一帯はよく保存されている。
福浦隧道（初代、二代目）,中国,36.2859909,133.1992659,離島の生活に直結した土木施設であり、明治初期の離島において手掘りで曲がったトンネルを掘るなど、技術力の高さが伺える。
大浜崎通航潮流信号所（大浜埼灯台記念館）,中国,34.3576097,133.1731319,木造の信号所として全国でただ一つしか残っていない古い海洋施設。周辺には当時の船舶通航の安全確保のための情報発信の様子が伺える。
丙川三連樋門（児島湾干拓施設群）,中国,34.5660668,133.8657843,明治中期における全国でも最大級の干拓事業で、花崗岩と煉瓦を用いた様々な形態の樋門、干拓堤防が一群として現存している。
奉還樋門（児島湾干拓施設群）,中国,34.5572519,133.8647127,明治中期における全国でも最大級の干拓事業で、花崗岩と煉瓦を用いた様々な形態の樋門、干拓堤防が一群として現存している。
高崎干拓堤防（児島湾干拓施設群）,中国,34.5412937,133.8946632,明治中期における全国でも最大級の干拓事業で、花崗岩と煉瓦を用いた様々な形態の樋門、干拓堤防が一群として現存している。
大津島（旧）回天発射訓練基地,中国,33.9890402,131.715214,全国で唯一残っている太平洋戦争末期につくられた人間魚雷「回天」の発射訓練基地で、戦争遺産として貴重である。
（旧）江尾発電所,中国,35.2912311,133.4741313,現存する数少ない石造発電所で、装飾的な外観を留めている。
京橋川の雁木群,中国,34.394922,132.4696269,"水の都""広島""を象徴するわが国最大の雁木群で、歴史的な水辺空間を演出している。"
今福線のコンクリートアーチ橋群,中国,34.9130139,132.1733857,未完成に終わった鉄道のコンクリートアーチ橋が一群として現存し、山間の景観に溶け込みながら、悲運な歴史を伝えている。
三石の煉瓦拱渠群,中国,34.8010281,134.2721368,技術的にも意匠的にもすばらしい煉瓦拱渠が、連続して現存し、山陽本線という幹線でありながら原形を保ったまま使用されている。
角島灯台および関連施設群,中国,34.3524664,130.8410647,ブラントンの手がけた日本海側初の灯台。装飾的な石肌の灯台、コロニアル様式の退息所および倉庫が一群として現存している。
旧三高山砲台,中国,34.2487646,132.3966228,現存する最大級の呉（広島湾）要塞の砲台施設。砲台山森林公園として整備されており、保存状態も良好で学習の場となっている。
旧呉鎮守府兵器部護岸および関連施設,中国,34.2260845,132.5496386,整然と積まれた花崗岩の護岸、巧みに加工された石階段、クレーン等、旧呉鎮守府兵器部の施設が保存され、公園化されている。
井倉橋（室戸台風の災害復旧橋梁群）,中国,34.9254624,133.5215285,昭和9年の室戸台風による災害復旧橋梁が次々と架け替えられる中、様々な形式の鋼橋が高梁川に一群として残っている。
田井橋（室戸台風の災害復旧橋梁群）,中国,34.85769,133.5802,昭和9年の室戸台風による災害復旧橋梁が次々と架け替えられる中、様々な形式の鋼橋が高梁川に一群として残っている。
方谷橋（室戸台風の災害復旧橋梁群）,中国,34.7982971,133.6147821,昭和9年の室戸台風による災害復旧橋梁が次々と架け替えられる中、様々な形式の鋼橋が高梁川に一群として残っている。
菊港の東堤・西堤,中国,35.5141011,133.6509377,日本海側に現存する数少ない江戸期の石造防波堤で、波浪に耐えながら地域の発展に寄与し、地元民に親しまれている。
猿猴橋（被爆に耐えた装飾的橋梁―猿猴橋・京橋）,中国,34.3947545,132.4748011,花崗岩を多用した装飾的な橋梁で、原爆にも耐え、広島の街の復興を見とどけてきた土木遺産です。
京橋（被爆に耐えた装飾的橋梁―猿猴橋・京橋）,中国,34.3941848,132.4699662,花崗岩を多用した装飾的な橋梁で、原爆にも耐え、広島の街の復興を見とどけてきた土木遺産です。
高角橋,中国,34.6786074,131.8253286,全国的にも大規模で、かつ島根県では唯一のＲＣローゼ桁橋で、高津川に映る５連のアーチが美しい橋です。
徳佐川橋梁,中国,34.4047463,131.721265,現存する3つの鉄道用ラチス桁のうちの１つで、大型鋼板の入手が困難な時代に考案された形式が現役で使われている橋である。
建部井堰,中国,34.8838894,133.8915303,現存する日本最大の石造取水堰で、現役ながらも江戸期の石張が良好な状態で保たれている土木遺産である。
安長土手,中国,35.5087918,134.2095091,安長土手（嵐ヶ鼻土手）は、周辺が宅地開発される中で奇跡的に残った中世の河川堤防で、周辺住民の散策路として利用されている貴重な土木遺産であります。
日谷山の石塁,中国,34.4656677,132.229943,日谷山の石塁は、土砂災害や獣害から寺域を守るために門信徒の奉仕によって築造された石垣で、地域住民による積極的な保存・活用が行われている貴重な土木遺産であります。
来原岩樋,中国,35.3546576,132.786372,来原岩樋は「わが国に現存する最古級の運河閘門で、天井川の斐伊川と高瀬川を結ぶため、国内では珍しい連続閘門」となっています。
別所砂留,中国,34.5083602,133.2719278,別所砂留は「福山藩による江戸時代の大小様々な形態の砂留が、一渓流に30基以上、良好な状態で現存している貴重な土木遺産」であります。
一の荒手（百間川の治水施設群−一ノ荒手、二ノ荒手、米田の旧堤防、大水尾の旧堤）,中国,34.692401,133.9444089,百間川の治水施設群は「分水部から河口部まで、旭川の放水路として江戸期に築造された百間川の一連の治水システムが現存している貴重な土木遺産」であります。
二の荒手（百間川の治水施設群−一ノ荒手、二ノ荒手、米田の旧堤防、大水尾の旧堤）,中国,34.6849699,133.941373,百間川の治水施設群は「分水部から河口部まで、旭川の放水路として江戸期に築造された百間川の一連の治水システムが現存している貴重な土木遺産」であります。
米田の旧堤防（百間川の治水施設群−一ノ荒手、二ノ荒手、米田の旧堤防、大水尾の旧堤）,中国,34.6738522,133.9893909,百間川の治水施設群は「分水部から河口部まで、旭川の放水路として江戸期に築造された百間川の一連の治水システムが現存している貴重な土木遺産」であります。
大水尾の旧堤（百間川の治水施設群−一ノ荒手、二ノ荒手、米田の旧堤防、大水尾の旧堤）,中国,34.6145102,133.9935091,百間川の治水施設群は「分水部から河口部まで、旭川の放水路として江戸期に築造された百間川の一連の治水システムが現存している貴重な土木遺産」であります。
三成ダム,中国,35.1899975,133.0420562,三成ダムは「わが国における最初期の本格的なアーチダム」であります。
火ノ山砲台,中国,33.973723,130.960035,関門海峡防備のために明治期に築造された下関要塞のうちの一つで、現在でもその姿を留めている貴重な土木遺産である。
駟馳山峠（山陰道の石畳―駟馳山峠、蒲生峠）,中国,35.5673975,134.2910734,通行が困難であった峠道を改良するために施された石畳で、当時の様子が偲ばれる」土木遺産である。
蒲生峠（山陰道の石畳―駟馳山峠、蒲生峠）,中国,35.521397,134.4149201,通行が困難であった峠道を改良するために施された石畳で、当時の様子が偲ばれる」土木遺産である。
呉鎮守府地下施設群,中国,34.2403743,132.5640272,呉鎮守府地下施設群は、戦時中にも関わらず良質な材料で築造され、太平洋戦争末期には重要な役割を担った施設で、保存状態も良好な貴重な土木遺産です。
用郷林道 七曲がり,中国,35.0884508,133.4764895,用郷林道 七曲がりは、若き技術者と地元石工による建設のエピソードが語り継がれた石積のつづら折り林道で、建設当時のまま残っている貴重な土木遺産です。
大原橋,中国,34.7175889,133.9713729,大原橋は、昭和9年の室戸台風の災害復旧橋梁として架橋された戦前最長のＲＣローゼ桁橋です。
出合橋,中国,34.5810196,132.2205858,出合橋は、三段峡の玄関口に架橋された優美なデザインのＲＣタイドアーチ橋で、地域のランドマークとして住民にも親しまれている土木遺産です。
本川橋,中国,34.3937011,132.4505709,本川橋、九十九橋は、敗戦直後の資材難の中、爆撃を受けた光海軍工廠の建材を再活用した橋梁で、部材に弾痕や以前のリベット孔が残っている貴重な土木遺産です。
九十九橋,中国,34.3706846,132.5330862,本川橋、九十九橋は、敗戦直後の資材難の中、爆撃を受けた光海軍工廠の建材を再活用した橋梁で、部材に弾痕や以前のリベット孔が残っている貴重な土木遺産です。
翁橋,中国,35.0606111,133.9942469,翁橋は、大正から昭和初期に橋面が煉瓦舗装された数少ない橋梁のうち、当時の舗道煉瓦が全面に残っている極めて貴重な橋梁です。
大谷川砂防堰堤,四国,34.0738789,134.1507125,四国唯一の明治期の砂防堰堤<br>（三段で緩やかな曲線を描くデ・レーケが関与した大規模砂防堰堤）
芸予要塞・小島砲台,四国,34.125764,132.980845,わが国に現存する最大級、かつ保存状態の良い明治期の石造り砲台
田丸橋,四国,33.584054,132.6424335,昭和18年に架設された木製方杖形式の杉皮葺き屋根付き橋
大橋ダム,四国,33.7700197,133.3367957,昭和15年に完成した、戦前では国内最大級の堤高を誇るコンクリート重力式ダム
男木島灯台,四国,34.4336335,134.0607355,総御影石造り無塗装の灯台は、完成から１００年を越えた今も、備讃瀬戸を航行する船舶の安全を見守っている
第二領地橋梁,四国,33.3721231,133.2681779,本橋は日本初の鉄道用５径間連続ＲＣ開腹アーチ橋である。太平洋に面する断崖に、大スパンのアーチが力強く架かっている。
大宮橋,四国,33.8018481,133.1544887,比較的初期の鉄筋コンクリート開腹アーチ橋であり、装飾に工夫がされているなどデザイン性に優れている。
多度津港旧外港東防波堤,四国,34.275539,133.7426479,多度津港は明治時代まで県内最大の港であり、拡張のために 建設された旧外港東防波堤には花崗岩の構造物が現在もよく残っている。
詫間海軍航空隊滑走台,四国,34.2346743,133.6438739,詫間海軍航空隊滑走台は、旧海軍水上機基地としての特徴を よく示す滑走台が良好な状態で現存する、全国的にも希有な事例である。
土釜橋,四国,33.974289,134.080417,紅葉と滝が美しい渓谷に架かる鋼アーチ橋である。井桁に組まれた鉛直材の頂部がアーチ状の縦桁で連結された点に特徴がある。
旭浄水場の一連の歴史的施設群,四国,33.560168,133.5045249,ルネッサンス様式のレンガ造りの送水所や事務所棟、計量所などが集約した形で残されている、全国的にも貴重な水道施設群
木頭出原谷の鉄砲堰,四国,33.7563736,134.2111476,練り石積みのアテ堰。中央部を一気に破堤させることで木材を押し流していた。 木組みの一時的なものが多く石積みは珍しい。
明治橋,四国,33.4566028,132.428721,宇和島市に抜ける重要路線の一部として作られた鉄筋コンクリートの下路式アーチ橋。全国的に見ても珍しく、現役最古である。
滝宮橋,四国,34.2481849,133.9179981,高松と琴平を結ぶ交通の要所に架けられた、戦前では香川県内唯一の開腹アーチ橋であり、凝った意匠の高欄もそのまま残る貴重な橋です。
石手川橋梁,四国,33.830998,132.7695601,開業時の軽便鉄道から普通軌道への改軌、電化、駅の設置等の変更を経ながら原位置にある鉄道用トラスとしては現役最古である。
煉瓦橋（横河原線・第２６号溝橋）,四国,33.8323473,132.7684538,上部煉瓦の積み方の工夫により直交しない道路上へのアーチを実現しており120年経った今なお現役でその姿が市民に愛されている橋である。
旧桜谷発電所,四国,33.7981376,134.3791225,旧桜谷発電所は、明治４３年に自然地形を活用したダムの無い水力発電所として建設され、重厚な石積みの取水口などが現存する貴重な土木遺産であります。
熊井隧道,四国,33.0973859,133.1021069,熊井隧道は「自然石とレンガを用いて明治38年に建設された隧道で、笠石や帯石、キーストーン、鋸型飾り積みなどが美しい魅力的な土木遺産」であります。
新川橋梁,四国,34.2712085,134.1345676,新川橋梁は「明治末期に架けられた鉄道橋で、将来の軌道の複線化を見込んだ階段状練石積み橋脚という、希少な特徴を持つ土木遺産」であります。
宮内川青石護岸,四国,33.4787315,132.3958319,伊予の青石を石材とした矢羽根積の護岸であり、青石が織りなす綾が美しい土木遺産である。
府能隧道(旧国道438号線),四国,33.9858333,134.4137268,佐那河内村・神山町と徳島市との物流・交流を支えてきた現役の隧道で，煉瓦積みと飾り石など丁寧な意匠が施された貴重な土木遺産である。
吉野川橋,四国,34.0955652,134.5545842,吉野川橋は、増田淳設計の吉野川に架かる橋長1070.2m、17径間の鋼ワーレントラス橋で、徳島県の発展の礎を支え、竣工当時の姿を残す貴重な橋梁です。
麻生堰,四国,33.0292265,132.9331994,麻生堰は、野中兼山によってつくられた曲線斜め堰で、建設当時の姿のまま現役で活用されている貴重な土木遺産です。
三架橋,四国,34.1315708,133.6503701,三架橋は、琴弾八幡宮の門前町に架橋された3連のアーチが優美な弧を描くRCタイドアーチ橋であります。
千賀居トンネル,四国,33.4725563,132.4894976,千賀居隧道は、ループ道路に建設された隧道で、当該形式の隧道として国内最古クラスの貴重な土木遺産です。
河内堰堤,九州・沖縄,33.8380117,130.8106187,官営八幡製鐵所の工業用水関連施設<br>（戦前で最も高い貯水池ダムと現存唯一のレンズトラス橋）
南河内橋,九州・沖縄,33.8273532,130.8010883,官営八幡製鐵所の工業用水関連施設<br>（戦前で最も高い貯水池ダムと現存唯一のレンズトラス橋）
三角西港(三角旧港),九州・沖縄,32.6218622,130.4558038,明治初期のオランダ式築港の中で最も成功した、美しい石の港
明正井路一号幹線一号橋,九州・沖縄,32.9148067,131.3661007,大正時代に建設された、我が国最大規模の水路用石造アーチ橋
美々津橋,九州・沖縄,32.3428294,131.6054769,昭和９年に建設された上路スパンドレル・ブレーストアーチ橋で、道路橋としては九州では唯一残存する橋梁
出島橋,九州・沖縄,32.7435665,129.8741385,米国から輸入されたトラス橋で、わが国で供用中の鉄製橋梁の中で最も古く、重要な近代化遺産
東与賀地区大搦堤防,九州・沖縄,33.1930387,130.2627971,明治期前半に築かれた最大規模の有明干拓堤防で、現在も道路や二線堤として機能するとともに、石積みの景観がすばらしい
授産社搦堤防,九州・沖縄,33.1827707,130.2777006,明治期前半に築かれた最大規模の有明干拓堤防で、現在も道路や二線堤として機能するとともに、石積みの景観がすばらしい
鹿児島港旧石積防波堤,九州・沖縄,31.5963955,130.5640336,水族館と一体化して整備され、市民の憩いの場所として保存活用されている大規模で美しい曲面を持つ巻石防波堤
名島橋,九州・沖縄,33.6395347,130.426838,名島橋は、耐震性に優れたアーチ式構造。白く輝く御影石に覆われた優美な姿。名島川橋梁は、大正期の長大ＲＣアーチ橋。アーチを強調する突起等、秀逸な意匠。
山の田浄水場群,九州・沖縄,33.1979225,129.7308328,佐世保市の水需要を支えてきた施設。敷地内にある様々な構造物は明治期、大正期の建物の様式を残しており、意匠的な工夫が見られる。
明治橋,九州・沖縄,33.0335299,131.6891997,現存する最古級の本格的道路用鋼桁
大田発電所,九州・沖縄,31.6329354,130.3680104,石モルタル発電所として現存する11箇所の一つ。妻側に島津家のくつわ紋が見られ、八角塔が接続する特異な構成をしている。
関門トンネル（在来線用）,九州・沖縄,33.9216593,130.933692,世界初の海底トンネルでありシールド工法で大成果を上げる。戦時中のためか全く無装飾という特徴を持つ。
栴檀橋?,九州・沖縄,33.2650261,130.2831276,荒削りの石柱20本に支えられた最大級の石桁橋。市内を潤している多布施川に架かり、近くの神野公園の風景にも溶け込んでいる。
姫井橋,九州・沖縄,32.9631164,130.8699527,わが国初のRC下路アーチ（メラン式）、本形式の橋梁としては国内で唯一大正期に完成。
龍頭橋,九州・沖縄,33.4408313,131.5053529,定説(昭和10年)を覆す、明治45年竣工の日本最古の石造沈み橋。下流にあった明治9年築造の永世橋は2003年に流失。
本河内高部堰堤,九州・沖縄,32.7542912,129.9094559,吉村長策が設計した日本初の水道専用ダムである。新ダム建設において、歴史的な土木施設を原位置で保全する努力を評価した。
七窪水源地,九州・沖縄,31.6361935,130.5483727,昭和初期までに5つの水源地と接合枡、上之原配水池への導水トンネルが完成。すべてが重厚な石造・石張構造物となっている。
若津港導流堤（筑後川デ・レーケ堤）,九州・沖縄,33.2074053,130.3588998,有明海のガタ土堆積を防ぎ航路確保を行うために作られ、完成から100年以上経った現在もその役割を果たしている壮大な石導流
有明海旧干拓施設,九州・沖縄,32.8617854,130.5396753,有明海旧干拓施設(末広・明丑・明豊・大豊開旧堤防）は，明治時代の潮受堤防(約5km)と樋門が現存し，干拓の歴史的経緯を示す貴重な遺産
大島海峡(旧)軍事施設群,九州・沖縄,28.1063796,129.3525792,弾薬庫，震洋艇格納壕，戦闘指揮所などが大島海峡沿いに点在している。手安にある弾薬庫は規模や構造の特異さに目を張る。
矢岳第一トンネル(土木学会選奨土木遺産),九州・沖縄,32.0902675,130.7664306,含水量の多い凝灰岩からの激しい湧水に見舞われながらも、当時最大の難所を克服した先人の偉業を物語る貴重な構造物である。
大渡の用之助港,九州・沖縄,26.0899375,127.7061875,斎藤用之助により漁業振興のために計画された港口の掘削事業。珊瑚礁に囲まれた沖縄ならではの土木遺産として価値が高い。
小ヶ倉（水道）堰堤(土木学会選奨土木遺産),九州・沖縄,32.7159266,129.8763051,中島鋭治による設計で、当時、日本で最も高い水道専用ダム。瀬戸内産の御影石を張った重厚な壁体は遺産として価値が高い。
蛤水道,九州・沖縄,33.4091212,130.3912333,蛤岳からの水を佐賀藩側に導水するため成冨兵庫茂安が築造した1260ｍの水路、「のこし」のアイディアが画期的であった。
川原隧道,九州・沖縄,33.2905838,130.9866129,江戸後期の日田往還道として掘られ、掘削の内部空間は、工夫された石積み構造で防護されている。
高千穂鉄道 第三五ヶ瀬川橋梁,九州・沖縄,32.6231643,131.4193911,旧高千穂鉄道の橋梁。鋼トラスおよび戦前唯一のＲＣ方杖ラーメンが複合した形式は印象的で美しく、土木遺産としての価値が高い。
深浦水雷艇隊基地跡,九州・沖縄,34.3008333,129.2965226,日本海軍初の要港部として設置された竹敷海軍要港部の一角をなし、特に、石ドックは誇るべき近代遺産です。
長崎堤防,九州・沖縄,31.8279613,130.2345645,暴れ川であった川内川左岸に位置する高江町に300haの水田を誕生させた土木工事の輝かしい成果を誇る堤防で、その形状は鋸の歯型というユニークさが際立っている江戸時代の土木遺産です。
キリズシのトンネル,九州・沖縄,33.502979,131.265359,明治３年に手掘りでつくられた珍しい矩形の断面を有するトンネルで、内部には当時の生活を知ることができる痕跡が残っている。
綱ノ瀬橋梁,九州・沖縄,32.6107654,131.449419,戦前最大級のスパンを有するわが国初の鉄道用鉄筋コンクリート開腹アーチ橋であり、貴重な土木遺産である。
山田堰,九州・沖縄,33.3652542,130.7600813,我が国、三大暴れ川のひとつである筑後川に、江戸時代に築造された総石張りの取水堰でその形式は我が国唯一の傾斜堰床式石張堰である。
「馬の頭」水利施設,九州・沖縄,33.2581427,129.9588653,松浦川の水面より高い水田に動力を使うことなくサイフォンの原理により揚水し耕作を可能にした、成富兵庫茂安によって造られた水利施設である。
洗玉眼鏡橋,九州・沖縄,33.2407444,130.6500636,洗玉眼鏡橋は、明治26年完成、八代種山石工　橋本勘五郎が、最後に手掛けた石橋といわれており、鞘石垣などの構造的特徴が確認できる石造アーチ橋であります。
轟泉水道,九州・沖縄,32.678402,130.6388561,轟泉水道は、寛文3（1663）年完成。轟水源から宇土城下町まで総延長約4800m、標高差5mの区間を塘や桝等の技術を投入した現存する最古の石管上水道であります。
細島験潮場,九州・沖縄,32.4286206,131.6695775,細島験潮場は「明治期に設置された現存する日本最古かつ現役の験潮場であり、世紀を超えて地道な潮位観測に貢献している貴重な施設」であります。
湯野田橋,九州・沖縄,33.0935014,129.9768983,湯野田橋は「国道34号線にある「明治21年(1888年)に建設された現役で日本最古の石アーチ橋」であります。
第一白川橋梁,九州・沖縄,32.8727615,130.9815802,第一白川橋梁は「阿蘇カルデラの出口立野に鉄道省最初期に建設され，当時鋼スパンドレルブレーストアーチの最大スパンであった166.3ｍの鉄道橋」であります．
立野橋梁,九州・沖縄,32.876404,130.9704277,立野橋梁は「第一白川橋梁とともに鉄道省最初期に建設され，高さ34ｍの鋼トレッスル橋脚を３脚有する138.8ｍの鋼プレートガーダー橋」であります．
五ヶ瀬川畳堤,九州・沖縄,32.5831674,131.6672209,畳堤は、長良川、揖保川と五ヶ瀬川にのみ現存する構造物で、特に「五ヶ瀬川に設置された畳堤は、大正末期から昭和初期に設置された我が国最古のもの」とされています。
佐井川橋,九州・沖縄,33.611244,131.167581,大正期に建設された初期の鉄筋コンクリート桁橋であり、本格的な井桁状の橋脚や円形模様の高欄を有する貴重な地域の土木遺産である。
姶良橋,九州・沖縄,31.7331081,130.6407919,昭和初期に建設された橋長150ｍを超える鉄筋コンクリート桁橋であり、珍しい紋様の閉塞高欄を有する貴重な地域の土木遺産である。
中島川変流部護岸,九州・沖縄,32.7434899,129.8736951,当時の我が国3番目の大規模港湾事業である第1次長崎港改修事業の唯一の遺構であり、その設計や調査には、デ・レーケが携わるなど、歴史的にも貴重な土木遺産である。
曲渕ダム,九州・沖縄,33.497933,130.3076149,曲渕ダムは、神戸・長崎以外では初めて高さ30mを超えた水道専用ダムであり、福岡市水道創設の水源として現在も人々の生活を支える土木施設です。
平熊の石洗越,九州・沖縄,31.7870741,130.7710864,平熊の石洗越は、農業用水路内への谷川の流入を防ぐために作られた石造構造物で、災害防御用としては全国で唯一の石アーチ橋です。
上椎葉ダム,九州・沖縄,32.4601152,131.1495283,上椎葉ダムは、大調整能力を持つ水力発電用ダムとしては日本初の大規模アーチ式ダムで、戦後復興期に急増する九州の電力需要を支える上で大きな役割を果たした現役の土木構造物である。
川畑井堰,九州・沖縄,31.4108171,130.3377011,川畑井堰は宝暦年間に築造された幅18m、高さ3mを有する切り石による階段状の取水堰堤で、近世由来の取水堰堤としては全国で唯一と考えられる貴重な土木遺産である。
若松港築港関連施設群,九州・沖縄,33.9043162,130.8146048,若松港築港関連施設群は、筑豊炭田からの石炭の積出基地として開発整備され、大正期には日本最大の石炭積出港として繁栄し、日本の近代化に大きく貢献した。
旧郡築新地甲号樋門（八代の石造干拓施設群）,九州・沖縄,32.5290114,130.5568002,八代の石造干拓施設群は、全国屈指の干拓事業である八代干拓において建設された樋門群や堤防によって構成される貴重な土木遺産です。
内山田の隧道（宮内原用水の二穴式隧道群）,九州・沖縄,31.7515832,130.7326916,宮内原用水の二穴式隧道群は、二つの隧道を並置する希少な構造を有する現役の施設で、江戸期の土木技術を現代に伝える土木遺産です。
緒方橋,九州・沖縄,32.9691905,131.4684843,緒方川の多連アーチ石橋群は、2〜6連のアーチを有する石橋がひとつの地域にまとまって現存する貴重な土木遺産です。
鳴滝橋,九州・沖縄,32.96592,131.4808447,緒方川の多連アーチ石橋群は、2〜6連のアーチを有する石橋がひとつの地域にまとまって現存する貴重な土木遺産です。
長瀬橋,九州・沖縄,32.9508036,131.4450521,緒方川の多連アーチ石橋群は、2〜6連のアーチを有する石橋がひとつの地域にまとまって現存する貴重な土木遺産です。
原尻橋,九州・沖縄,32.9601895,131.4485338,緒方川の多連アーチ石橋群は、2〜6連のアーチを有する石橋がひとつの地域にまとまって現存する貴重な土木遺産です。
柚木寺原橋,九州・沖縄,32.9415991,131.4296571,緒方川の多連アーチ石橋群は、2〜6連のアーチを有する石橋がひとつの地域にまとまって現存する貴重な土木遺産です。
花峯橋,九州・沖縄,31.5896443,131.4034215,花峯橋は、現存する希少な木造方杖式の道路橋のひとつで、当時の我が国における木造橋建設技術を今に伝える貴重な土木遺産です。
山国橋,九州・沖縄,33.605229,131.17808,山国橋は、昭和初期に建設されたRC造の長大橋であり、ゲルバー桁や二穴式の煉瓦積み橋脚を有する貴重な地域の土木遺産です。
赤尾木港の岸岐と築島,九州・沖縄,30.7339858,130.9917115,赤尾木港の岸岐と築島は、巻石構造を有する堤防及び護岸で、江戸期鹿児島の離島における築港技術を伝える貴重な土木遺産です。
烏山頭水庫,台湾,23.202222,120.368333,八田與一氏の設計と施工監理による当時のアジア最大のダムである。灌漑により嘉南平野を一大穀倉地帯に変貌させる貢献をした。
台南水道,台湾,23.096767,120.359298,浜野弥四郎氏の計画・設計と施工監理による，当時の最新技術である急速濾過法を採用した大規模な浄水場である。
